geo_releve_id,table_id,releve_id,ref_code,class,order,alliance,association,map_reference,os_grid_square,os_grid_reference,easting,northing,latitude,longitude,altitude_ft,altitude_m,aspect_deg,slope_deg,cover_pct,plot_area_m2,species_reported,total_species_reported
table_4_10_1,table_4_10,1,B68-354,LITTORELLETEA,LITTORELLETALIA,Littorellion uniflorae,Littorella uniflora-Lobelia dortmanna,590106,NG,NG590106,159000,810600,57.122940,-5.983185,250,,,,50,4,4,18
table_4_10_10,table_4_10,10,B68-295,LITTORELLETEA,LITTORELLETALIA,Littorellion uniflorae,Littorella uniflora-Lobelia dortmanna,696113,NG,NG696113,169600,811300,57.134648,-5.809158,350,,,,100,4,8,18
table_4_10_11,table_4_10,11,B68-296,LITTORELLETEA,LITTORELLETALIA,Littorellion uniflorae,Littorella uniflora-Lobelia dortmanna,657110,NG,NG657110,165700,811000,57.129988,-5.873161,350,,,,100,4,5,18
table_4_10_2,table_4_10,2,B68-025,LITTORELLETEA,LITTORELLETALIA,Littorellion uniflorae,Littorella uniflora-Lobelia dortmanna,472306,NG,NG472306,147200,830600,57.295784,-6.197881,300,,,,20,4,6,18
table_4_10_3,table_4_10,3,B68-044,LITTORELLETEA,LITTORELLETALIA,Littorellion uniflorae,Littorella uniflora-Lobelia dortmanna,502652,NG,NG502652,150200,865200,57.607409,-6.183542,250,,,,40,4,6,18
table_4_10_4,table_4_10,4,B68-175,LITTORELLETEA,LITTORELLETALIA,Littorellion uniflorae,Littorella uniflora-Lobelia dortmanna,222412,NG,NG222412,122200,841200,57.376179,-6.623325,800,,,,50,4,4,18
table_4_10_5,table_4_10,5,B68-225,LITTORELLETEA,LITTORELLETALIA,Littorellion uniflorae,Littorella uniflora-Lobelia dortmanna,679205,NG,NG679205,167900,820500,57.216250,-5.845748,150,,,,50,4,7,18
table_4_10_6,table_4_10,6,B68-327,LITTORELLETEA,LITTORELLETALIA,Littorellion uniflorae,Littorella uniflora-Lobelia dortmanna,685205,NG,NG685205,168500,820500,57.216554,-5.835836,200,,,,50,4,7,18
table_4_10_7,table_4_10,7,B68-253,LITTORELLETEA,LITTORELLETALIA,Littorellion uniflorae,Littorella uniflora-Lobelia dortmanna,666205,NG,NG666205,166600,820500,57.215590,-5.867223,50,,,,50,4,8,18
table_4_10_8,table_4_10,8,B68-078,LITTORELLETEA,LITTORELLETALIA,Littorellion uniflorae,Littorella uniflora-Lobelia dortmanna,416182,NG,NG416182,141600,818200,57.181575,-6.277637,275,,,,50,4,8,18
table_4_10_9,table_4_10,9,B68-291,LITTORELLETEA,LITTORELLETALIA,Littorellion uniflorae,Littorella uniflora-Lobelia dortmanna,676105,NG,NG676105,167600,810500,57.126471,-5.841382,200,,,,100,4,9,18
table_4_11_1,table_4_11,1,B68-292,POTAMETEA,MAGNOPOTAMETALIA,Nymphaeion albae,Potamogeton natans-Nymphaea alba,676106,NG,NG676106,167600,810600,57.127367,-5.841475,200,,,,100,4,5,13
table_4_11_2,table_4_11,2,B68-224,POTAMETEA,MAGNOPOTAMETALIA,Nymphaeion albae,Potamogeton natans-Nymphaea alba,679205,NG,NG679205,167900,820500,57.216250,-5.845748,150,,,,90,4,3,13
table_4_11_3,table_4_11,3,B68-023,POTAMETEA,MAGNOPOTAMETALIA,Nymphaeion albae,Potamogeton natans-Nymphaea alba,472306,NG,NG472306,147200,830600,57.295784,-6.197881,300,,,,75,4,8,13
table_4_11_4,table_4_11,4,B68-043,POTAMETEA,MAGNOPOTAMETALIA,Nymphaeion albae,Potamogeton natans-Nymphaea alba,502652,NG,NG502652,150200,865200,57.607409,-6.183542,250,,,,50,4,5,13
table_4_11_5,table_4_11,5,B68-067,POTAMETEA,MAGNOPOTAMETALIA,Nymphaeion albae,Potamogeton natans-Nymphaea alba,494487,NG,NG494487,149400,848700,57.459152,-6.179912,450,,,,50,4,7,13
table_4_11_6,table_4_11,6,B68-194,POTAMETEA,MAGNOPOTAMETALIA,Nymphaeion albae,Potamogeton natans-Nymphaea alba,233605,NG,NG233605,123300,860500,57.549649,-6.626920,200,,,,90,4,5,13
table_4_12_1,table_4_12,1,B68-149,PHRAGMITETEA,PHRAGMITETALIA EUROSIBIRICA,Phragmition communis,Brackish water communities,,,,,,57.4565639,-6.7468913,25,,,,100,4,13,32
table_4_12_2,table_4_12,2,B68-136,PHRAGMITETEA,PHRAGMITETALIA EUROSIBIRICA,Phragmition communis,Brackish water communities,485418,NG,NG485418,148500,841800,57.396840,-6.187795,20,,,,100,4,11,32
table_4_12_3,table_4_12,3,B68-356,PHRAGMITETEA,PHRAGMITETALIA EUROSIBIRICA,Phragmition communis,Brackish water communities,698116,NG,NG698116,169800,811600,57.137437,-5.806138,15,,,,100,4,20,32
table_4_12_4,table_4_12,4,B68-351,PHRAGMITETEA,PHRAGMITETALIA EUROSIBIRICA,Phragmition communis,Brackish water communities,578086,NG,NG578086,157800,808600,57.104387,-6.001020,15,,,,100,4,12,32
table_4_12_5,table_4_12,5,B68-352,PHRAGMITETEA,PHRAGMITETALIA EUROSIBIRICA,Phragmition communis,Brackish water communities,578086,NG,NG578086,157800,808600,57.104387,-6.001020,15,,,,100,4,19,32
table_4_13_1,table_4_13,1,B68-251,PHRAGMITETEA,PHRAGMITETALIA EUROSIBIRICA,Phragmition communis,Schoenoplectus lacustris-Phragmites communis (Phragmites-Equisetum fluviatile subass.),614205,NG,NG614205,161400,820500,57.212912,-5.953115,50,,,,100,4,3,20
table_4_13_10,table_4_13,10,B68-066,PHRAGMITETEA,PHRAGMITETALIA EUROSIBIRICA,Phragmition communis,Schoenoplectus lacustris-Phragmites communis (Schoenoplectus-Equisetum fluviatile subass.),494487,NG,NG494487,149400,848700,57.459152,-6.179912,450,,,,40,4,8,17
table_4_13_11,table_4_13,11,B68-249,PHRAGMITETEA,PHRAGMITETALIA EUROSIBIRICA,Phragmition communis,Schoenoplectus lacustris-Phragmites communis (Schoenoplectus-Equisetum fluviatile subass.),613203,NG,NG613203,161300,820300,57.211068,-5.954575,50,,,,90,4,6,17
table_4_13_12,table_4_13,12,B68-014,PHRAGMITETEA,PHRAGMITETALIA EUROSIBIRICA,Phragmition communis,Schoenoplectus lacustris-Phragmites communis (Schoenoplectus-Equisetum fluviatile subass.),572012,NG,NG572012,157200,801200,57.037759,-6.003741,200,,,,50,4,10,17
table_4_13_13,table_4_13,13,B68-252,PHRAGMITETEA,PHRAGMITETALIA EUROSIBIRICA,Phragmition communis,Schoenoplectus lacustris-Phragmites communis (Schoenoplectus-Equisetum fluviatile subass.),614205,NG,NG614205,161400,820500,57.212912,-5.953115,50,,,,100,4,4,17
table_4_13_2,table_4_13,2,B68-248,PHRAGMITETEA,PHRAGMITETALIA EUROSIBIRICA,Phragmition communis,Schoenoplectus lacustris-Phragmites communis (Phragmites-Equisetum fluviatile subass.),611204,NG,NG611204,161100,820400,57.211859,-5.957974,50,,,,100,4,5,20
table_4_13_3,table_4_13,3,B68-254,PHRAGMITETEA,PHRAGMITETALIA EUROSIBIRICA,Phragmition communis,Schoenoplectus lacustris-Phragmites communis (Phragmites-Equisetum fluviatile subass.),606203,NG,NG606203,160600,820300,57.210702,-5.966135,50,,,,100,4,6,20
table_4_13_4,table_4_13,4,B69-193,PHRAGMITETEA,PHRAGMITETALIA EUROSIBIRICA,Phragmition communis,Schoenoplectus lacustris-Phragmites communis (Phragmites-Equisetum fluviatile subass.),233605,NG,NG233605,123300,860500,57.549649,-6.626920,200,,,,60,4,7,20
table_4_13_5,table_4_13,5,B68-015,PHRAGMITETEA,PHRAGMITETALIA EUROSIBIRICA,Phragmition communis,Schoenoplectus lacustris-Phragmites communis (Phragmites-Equisetum fluviatile subass.),574018,NG,NG574018,157400,801800,57.043241,-6.001032,200,,,,75,4,11,20
table_4_13_6,table_4_13,6,B68-017,PHRAGMITETEA,PHRAGMITETALIA EUROSIBIRICA,Phragmition communis,Schoenoplectus lacustris-Phragmites communis (Phragmites-Equisetum fluviatile subass.),574018,NG,NG574018,157400,801800,57.043241,-6.001032,200,,,,90,4,10,20
table_4_13_7,table_4_13,7,B68-293,PHRAGMITETEA,PHRAGMITETALIA EUROSIBIRICA,Phragmition communis,Schoenoplectus lacustris-Phragmites communis (Schoenoplectus-Equisetum fluviatile subass.),674104,NG,NG674104,167400,810400,57.125474,-5.844585,200,,,,80,4,2,17
table_4_13_8,table_4_13,8,B68-294,PHRAGMITETEA,PHRAGMITETALIA EUROSIBIRICA,Phragmition communis,Schoenoplectus lacustris-Phragmites communis (Schoenoplectus-Equisetum fluviatile subass.),656113,NG,NG656113,165600,811300,57.132626,-5.875091,350,,,,90,4,4,17
table_4_13_9,table_4_13,9,B68-040,PHRAGMITETEA,PHRAGMITETALIA EUROSIBIRICA,Phragmition communis,Schoenoplectus lacustris-Phragmites communis (Schoenoplectus-Equisetum fluviatile subass.),503652,NG,NG503652,150300,865200,57.607465,-6.181873,250,,,,50,4,5,17
table_4_14_1,table_4_14,1,B68-041,PHRAGMITETEA,PHRAGMITETALIA EUROSIBIRICA,Magnocaricion elatae,Carex rostrata-Menyanthes trifoliata,503652,NG,NG503652,150300,865200,57.607465,-6.181873,250,,,,70,4,7,19
table_4_14_2,table_4_14,2,B68-074,PHRAGMITETEA,PHRAGMITETALIA EUROSIBIRICA,Magnocaricion elatae,Carex rostrata-Menyanthes trifoliata,416182,NG,NG416182,141600,818200,57.181575,-6.277637,275,,,,60,4,6,19
table_4_14_3,table_4_14,3,B68-046,PHRAGMITETEA,PHRAGMITETALIA EUROSIBIRICA,Magnocaricion elatae,Carex rostrata-Menyanthes trifoliata,502652,NG,NG502652,150200,865200,57.607409,-6.183542,250,,,,60,4,6,19
table_4_14_4,table_4_14,4,B68-020,PHRAGMITETEA,PHRAGMITETALIA EUROSIBIRICA,Magnocaricion elatae,Carex rostrata-Menyanthes trifoliata,472304,NG,NG472304,147200,830400,57.293992,-6.197676,300,,,,60,4,11,19
table_4_14_5,table_4_14,5,B68-022,PHRAGMITETEA,PHRAGMITETALIA EUROSIBIRICA,Magnocaricion elatae,Carex rostrata-Menyanthes trifoliata,,,,,,57.2953750,-6.1982576,300,,,,70,4,11,19
table_4_14_6,table_4_14,6,B68-068,PHRAGMITETEA,PHRAGMITETALIA EUROSIBIRICA,Magnocaricion elatae,Carex rostrata-Menyanthes trifoliata,494487,NG,NG494487,149400,848700,57.459152,-6.179912,450,,,,80,4,5,19
table_4_14_7,table_4_14,7,B68-247,PHRAGMITETEA,PHRAGMITETALIA EUROSIBIRICA,Magnocaricion elatae,Carex rostrata-Menyanthes trifoliata,611204,NG,NG611204,161100,820400,57.211859,-5.957974,50,,,,100,4,5,19
table_4_14_8,table_4_14,8,B68-018,PHRAGMITETEA,PHRAGMITETALIA EUROSIBIRICA,Magnocaricion elatae,Carex rostrata-Menyanthes trifoliata,656113,NG,NG656113,165600,811300,57.132626,-5.875091,350,,,,75,4,9,19
table_4_15_1,table_4_15,1,B69-018,PHRAGMITETEA,PHRAGMITETALIA EUROSIBIRICA,Glyceria-Sparganion,Oenanthe crocata communities,373707,NG,NG373707,137300,870700,57.649345,-6.404760,,,,,100,4,,
table_4_15_2,table_4_15,2,B69-019,PHRAGMITETEA,PHRAGMITETALIA EUROSIBIRICA,Glyceria-Sparganion,Oenanthe crocata communities,373707,NG,NG373707,137300,870700,57.649345,-6.404760,,,,,100,4,,
table_4_17_1,table_4_17,1,B68-228,SCHEUCHZERIO-CARICETEA FUSCAE,SCHEUCHZERIETALIA PALUSTRIS,Rhynchosporion albae,Eriophorum angustifolium-Sphagnum cuspidatum,676203,NG,NG676203,167600,820300,57.214306,-5.850517,200,,,,100,4,15,21
table_4_17_2,table_4_17,2,B67-085A,SCHEUCHZERIO-CARICETEA FUSCAE,SCHEUCHZERIETALIA PALUSTRIS,Rhynchosporion albae,Eriophorum angustifolium-Sphagnum cuspidatum,516193,NG,NG516193,151600,819300,57.196954,-6.113749,150,,,,100,4,15,21
table_4_17_3,table_4_17,3,B68-056A,SCHEUCHZERIO-CARICETEA FUSCAE,SCHEUCHZERIETALIA PALUSTRIS,Rhynchosporion albae,Eriophorum angustifolium-Sphagnum cuspidatum,488302,NG,NG488302,148800,830200,57.293083,-6.170996,25,,,,100,4,12,21
table_4_17_4,table_4_17,4,B68-311A,SCHEUCHZERIO-CARICETEA FUSCAE,SCHEUCHZERIETALIA PALUSTRIS,Rhynchosporion albae,Eriophorum angustifolium-Sphagnum cuspidatum,748258,NG,NG748258,174800,825800,57.267202,-5.736558,100,,,,100,4,8,21
table_4_17_5,table_4_17,5,B66-001,SCHEUCHZERIO-CARICETEA FUSCAE,SCHEUCHZERIETALIA PALUSTRIS,Rhynchosporion albae,Eriophorum angustifolium-Sphagnum cuspidatum,423212,NG,NG423212,142300,821200,57.208842,-6.269195,600,,,,100,4,12,21
table_4_18_1,table_4_18,1,B68-226,SCHEUCHZERIO-CARICETEA FUSCAE,SCHEUCHZERIETALIA PALUSTRIS,Caricion lasiocarpae,Carex lasiocarpa-Menyanthes trifoliata,678206,NG,NG678206,167800,820600,57.217096,-5.847493,150,,,,80,4,12,38
table_4_18_2,table_4_18,2,B68-223,SCHEUCHZERIO-CARICETEA FUSCAE,SCHEUCHZERIETALIA PALUSTRIS,Caricion lasiocarpae,Carex lasiocarpa-Menyanthes trifoliata,679205,NG,NG679205,167900,820500,57.216250,-5.845748,150,,,,100,4,12,38
table_4_18_3,table_4_18,3,B68-010,SCHEUCHZERIO-CARICETEA FUSCAE,SCHEUCHZERIETALIA PALUSTRIS,Caricion lasiocarpae,Carex lasiocarpa-Menyanthes trifoliata,656113,NG,NG656113,165600,811300,57.132626,-5.875091,350,,,,75,4,19,38
table_4_18_4,table_4_18,4,B68-011,SCHEUCHZERIO-CARICETEA FUSCAE,SCHEUCHZERIETALIA PALUSTRIS,Caricion lasiocarpae,Carex lasiocarpa-Menyanthes trifoliata,656113,NG,NG656113,165600,811300,57.132626,-5.875091,350,,,,90,4,21,38
table_4_18_5,table_4_18,5,B68-016,SCHEUCHZERIO-CARICETEA FUSCAE,SCHEUCHZERIETALIA PALUSTRIS,Caricion lasiocarpae,Carex lasiocarpa-Menyanthes trifoliata,574018,NG,NG574018,157400,801800,57.043241,-6.001032,200,,,,75,4,12,38
table_4_18_6,table_4_18,6,B68-064,SCHEUCHZERIO-CARICETEA FUSCAE,SCHEUCHZERIETALIA PALUSTRIS,Caricion lasiocarpae,Carex lasiocarpa-Menyanthes trifoliata,494487,NG,NG494487,149400,848700,57.459152,-6.179912,450,,,,100,4,15,38
table_4_18_7,table_4_18,7,B68-250,SCHEUCHZERIO-CARICETEA FUSCAE,SCHEUCHZERIETALIA PALUSTRIS,Caricion lasiocarpae,Carex rostrata-Carex limosa nodum,612203,NG,NG612203,161200,820300,57.211015,-5.956226,50,,,,100,4,15,20
table_4_18_8,table_4_18,8,B68-174,SCHEUCHZERIO-CARICETEA FUSCAE,SCHEUCHZERIETALIA PALUSTRIS,Caricion lasiocarpae,Carex rostrata-Carex limosa nodum,220412,NG,NG220412,122000,841200,57.376057,-6.626640,800,,,,100,4,13,20
table_4_19_1,table_4_19,1,B68-160,SCHEUCHZERIO-CARICETEA FUSCAE,CARICETALIA FUSCAE,Caricion canescentis-fuscae,Trichophorum cespitosum-Carex panicea,243455,NG,NG243455,124300,845500,57.415956,-6.593341,200,,90,3,100,4,24,62
table_4_19_2,table_4_19,2,B68-112,SCHEUCHZERIO-CARICETEA FUSCAE,CARICETALIA FUSCAE,Caricion canescentis-fuscae,Trichophorum cespitosum-Carex panicea,390420,NG,NG390420,139000,842000,57.393283,-6.345623,500,,135,5,100,4,25,62
table_4_19_3,table_4_19,3,B68-125,SCHEUCHZERIO-CARICETEA FUSCAE,CARICETALIA FUSCAE,Caricion canescentis-fuscae,Trichophorum cespitosum-Carex panicea,510565,NG,NG510565,151000,856500,57.529911,-6.161272,700,,90,5,100,4,27,62
table_4_19_4,table_4_19,4,B68-209,SCHEUCHZERIO-CARICETEA FUSCAE,CARICETALIA FUSCAE,Caricion canescentis-fuscae,Trichophorum cespitosum-Carex panicea,398336,NG,NG398336,139800,833600,57.318501,-6.323480,350,,,,100,4,21,62
table_4_19_5,table_4_19,5,B68-097,SCHEUCHZERIO-CARICETEA FUSCAE,CARICETALIA FUSCAE,Caricion canescentis-fuscae,Trichophorum cespitosum-Carex panicea,395645,NG,NG395645,139500,864500,57.595093,-6.361337,400,,180,5,100,4,28,62
table_4_19_6,table_4_19,6,B67-032,SCHEUCHZERIO-CARICETEA FUSCAE,CARICETALIA FUSCAE,Caricion canescentis-fuscae,Trichophorum cespitosum-Carex panicea,317328,NG,NG317328,131700,832800,57.306648,-6.456693,350,,90,3,100,4,27,62
table_4_19_7,table_4_19,7,B68-310,SCHEUCHZERIO-CARICETEA FUSCAE,CARICETALIA FUSCAE,Caricion canescentis-fuscae,Trichophorum cespitosum-Carex panicea,494282,NG,NG494282,149400,828200,57.275494,-6.159043,150,,270,5,100,4,21,62
table_4_19_8,table_4_19,8,B67-053,SCHEUCHZERIO-CARICETEA FUSCAE,CARICETALIA FUSCAE,Caricion canescentis-fuscae,Trichophorum cespitosum-Carex panicea,443256,NG,NG443256,144300,825600,57.249379,-6.240707,900,,315,5,75,4,19,62
table_4_1_1,table_4_1,1,B68-155,EPIPETRETEA LICHENOSA,RHIZOCARPETALIA,Parmelion saxatilis,Hedwigia ciliata-Parmelia saxatilis,504446,NG,NG504446,150400,844600,57.422971,-6.159112,200,61,180,10,85,0.5,11,38
table_4_1_2,table_4_1,2,B68-156,EPIPETRETEA LICHENOSA,RHIZOCARPETALIA,Parmelion saxatilis,Hedwigia ciliata-Parmelia saxatilis,504446,NG,NG504446,150400,844600,57.422971,-6.159112,200,61,135,40,90,1,14,38
table_4_1_3,table_4_1,3,B68-157,EPIPETRETEA LICHENOSA,RHIZOCARPETALIA,Parmelion saxatilis,Hedwigia ciliata-Parmelia saxatilis,508448,NG,NG508448,150800,844800,57.424982,-6.152672,150,46,135,15,80,1,18,38
table_4_1_4,table_4_1,4,B68-190,EPIPETRETEA LICHENOSA,RHIZOCARPETALIA,Parmelion saxatilis,Hedwigia ciliata-Parmelia saxatilis,156555,NG,NG156555,115600,855500,57.500118,-6.749298,400,122,270,10,90,1,16,38
table_4_1_5,table_4_1,5,B67-88A,EPIPETRETEA LICHENOSA,RHIZOCARPETALIA,Parmelion saxatilis,Hedwigia ciliata-Parmelia saxatilis,512198,NG,NG512198,151200,819800,57.201217,-6.120851,200,61,270,10,90,1,18,38
table_4_1_6,table_4_1,6,B66-3,EPIPETRETEA LICHENOSA,RHIZOCARPETALIA,Parmelion saxatilis,Hedwigia ciliata-Parmelia saxatilis,430190,NG,NG430190,143000,819000,57.189528,-6.255368,350,107,180,15,80,1,20,38
table_4_1_7,table_4_1,7,B68-94A,EPIPETRETEA LICHENOSA,RHIZOCARPETALIA,Parmelion saxatilis,Hedwigia ciliata-Parmelia saxatilis,524627,NG,NG524627,152400,862700,57.586224,-6.144269,200,61,270,10,75,0.5,16,38
table_4_20_1,table_4_20,1,B67-008,SCHEUCHZERIO-CARICETEA FUSCAE,CARICETALIA FUSCAE,Caricion canescentis-fuscae,Molinia caerulea-Myrica gale,556216,NG,NG556216,155600,821600,57.219712,-6.049981,350,,90,2,100,4,16,55
table_4_20_2,table_4_20,2,B67-009,SCHEUCHZERIO-CARICETEA FUSCAE,CARICETALIA FUSCAE,Caricion canescentis-fuscae,Molinia caerulea-Myrica gale,596216,NG,NG596216,159600,821600,57.221829,-5.983907,350,,90,,100,4,10,55
table_4_20_3,table_4_20,3,B67-094,SCHEUCHZERIO-CARICETEA FUSCAE,CARICETALIA FUSCAE,Caricion canescentis-fuscae,Molinia caerulea-Myrica gale,657113,NG,NG657113,165700,811300,57.132677,-5.873443,400,,90,,100,4,25,55
table_4_20_4,table_4_20,4,B68-013,SCHEUCHZERIO-CARICETEA FUSCAE,CARICETALIA FUSCAE,Caricion canescentis-fuscae,Molinia caerulea-Myrica gale,572007,NG,NG572007,157200,800700,57.033278,-6.003259,300,,270,,100,4,29,55
table_4_20_5,table_4_20,5,B68-007,SCHEUCHZERIO-CARICETEA FUSCAE,CARICETALIA FUSCAE,Caricion canescentis-fuscae,Molinia caerulea-Myrica gale,416182,NG,NG416182,141600,818200,57.181575,-6.277637,275,,0,2,100,4,26,55
table_4_20_6,table_4_20,6,B67-038,SCHEUCHZERIO-CARICETEA FUSCAE,CARICETALIA FUSCAE,Caricion canescentis-fuscae,Molinia caerulea-Myrica gale,707158,NG,NG707158,170700,815800,57.175533,-5.795160,100,,225,5,100,4,18,55
table_4_20_7,table_4_20,7,B67-045,SCHEUCHZERIO-CARICETEA FUSCAE,CARICETALIA FUSCAE,Caricion canescentis-fuscae,Molinia caerulea-Myrica gale,610203,NG,NG610203,161000,820300,57.210911,-5.959529,150,,0,8,100,4,25,55
table_4_21_1,table_4_21,1,B67-096,SCHEUCHZERIO-CARICETEA FUSCAE,CARICETALIA FUSCAE,Caricion canescentis-fuscae,Sphagneto-Juncetum effusi,335300,NG,NG335300,133500,830000,57.282625,-6.423889,650,,0,5,100,4,17,42
table_4_21_2,table_4_21,2,B68-027,SCHEUCHZERIO-CARICETEA FUSCAE,CARICETALIA FUSCAE,Caricion canescentis-fuscae,Sphagneto-Juncetum effusi,502523,NG,NG502523,150200,852300,57.491844,-6.170293,500,,90,5,100,4,23,42
table_4_21_3,table_4_21,3,B68-364,SCHEUCHZERIO-CARICETEA FUSCAE,CARICETALIA FUSCAE,Caricion canescentis-fuscae,Sphagneto-Juncetum effusi,514545,NG,NG514545,151400,854500,57.512213,-6.152569,650,,90,5,100,4,17,42
table_4_21_4,table_4_21,4,B67-086,SCHEUCHZERIO-CARICETEA FUSCAE,CARICETALIA FUSCAE,Caricion canescentis-fuscae,Sphagneto-Juncetum effusi,513190,NG,NG513190,151300,819000,57.194103,-6.118401,90,,,,100,4,23,42
table_4_21_5,table_4_21,5,B68-060,SCHEUCHZERIO-CARICETEA FUSCAE,CARICETALIA FUSCAE,Caricion canescentis-fuscae,Sphagneto-Juncetum effusi,493310,NG,NG493310,149300,831000,57.300525,-6.163533,50,,,,100,4,18,42
table_4_21_6,table_4_21,6,B68-050,SCHEUCHZERIO-CARICETEA FUSCAE,CARICETALIA FUSCAE,Caricion canescentis-fuscae,Carex-Sphagnum recurvum nodum,438678,NG,NG438678,143800,867800,57.627111,-6.293095,950,,0,5,100,4,17,32
table_4_21_7,table_4_21,7,B68-051,SCHEUCHZERIO-CARICETEA FUSCAE,CARICETALIA FUSCAE,Caricion canescentis-fuscae,Carex-Sphagnum recurvum nodum,438678,NG,NG438678,143800,867800,57.627111,-6.293095,950,,,,100,4,15,32
table_4_21_8,table_4_21,8,B68-071,SCHEUCHZERIO-CARICETEA FUSCAE,CARICETALIA FUSCAE,Caricion canescentis-fuscae,Carex-Sphagnum recurvum nodum,496535,NG,NG496535,149600,853500,57.502263,-6.181507,1600,,,,100,4,20,32
table_4_22_1,table_4_22,1,B68-192,SCHEUCHZERIO-CARICETEA FUSCAE,CARICETALIA FUSCAE,Sphagno-Tomenthypnion,Carex rostrata-Aulacomnium palustre,233604,NG,NG233604,123300,860400,57.548754,-6.626806,200,,,,100,4,35,75
table_4_22_2,table_4_22,2,B68-042,SCHEUCHZERIO-CARICETEA FUSCAE,CARICETALIA FUSCAE,Sphagno-Tomenthypnion,Carex rostrata-Aulacomnium palustre,502652,NG,NG502652,150200,865200,57.607409,-6.183542,250,,,,100,4,41,75
table_4_22_3,table_4_22,3,B67-136,SCHEUCHZERIO-CARICETEA FUSCAE,CARICETALIA FUSCAE,Sphagno-Tomenthypnion,Carex rostrata-Aulacomnium palustre,502652,NG,NG502652,150200,865200,57.607409,-6.183542,250,,,,100,4,38,75
table_4_22_4,table_4_22,4,B68-062,SCHEUCHZERIO-CARICETEA FUSCAE,CARICETALIA FUSCAE,Sphagno-Tomenthypnion,Carex rostrata-Aulacomnium palustre,493486,NG,NG493486,149300,848600,57.458201,-6.181472,450,,,,100,4,44,75
table_4_22_5,table_4_22,5,B67-091,SCHEUCHZERIO-CARICETEA FUSCAE,CARICETALIA FUSCAE,Sphagno-Tomenthypnion,Carex rostrata-Aulacomnium palustre,656113,NG,NG656113,165600,811300,57.132626,-5.875091,350,,,,100,4,27,75
table_4_23_1,table_4_23,1,B68-053,SCHEUCHZERIO-CARICETEA FUSCAE,TOFIELDIETALIA,Eriophorion latifoliae,Carex rostrata-Scorpidium scorpioides,468342,NG,NG468342,146800,834200,57.327813,-6.208189,300,,,,75,4,16,64
table_4_23_2,table_4_23,2,B68-055,SCHEUCHZERIO-CARICETEA FUSCAE,TOFIELDIETALIA,Eriophorion latifoliae,Carex rostrata-Scorpidium scorpioides,467334,NG,NG467334,146700,833400,57.320591,-6.209025,350,,270,2,75,4,22,64
table_4_23_3,table_4_23,3,B68-114,SCHEUCHZERIO-CARICETEA FUSCAE,TOFIELDIETALIA,Eriophorion latifoliae,Carex rostrata-Scorpidium scorpioides,385414,NG,NG385414,138500,841400,57.387622,-6.353279,500,,,,100,4,29,64
table_4_23_4,table_4_23,4,B68-045,SCHEUCHZERIO-CARICETEA FUSCAE,TOFIELDIETALIA,Eriophorion latifoliae,Carex rostrata-Scorpidium scorpioides,502652,NG,NG502652,150200,865200,57.607409,-6.183542,250,,,,90,4,24,64
table_4_23_5,table_4_23,5,B68-019,SCHEUCHZERIO-CARICETEA FUSCAE,TOFIELDIETALIA,Eriophorion latifoliae,Carex rostrata-Scorpidium scorpioides,656113,NG,NG656113,165600,811300,57.132626,-5.875091,350,,,,100,4,20,64
table_4_23_6,table_4_23,6,B68-065,SCHEUCHZERIO-CARICETEA FUSCAE,TOFIELDIETALIA,Eriophorion latifoliae,Carex rostrata-Scorpidium scorpioides,494487,NG,NG494487,149400,848700,57.459152,-6.179912,450,,,,100,4,19,64
table_4_23_7,table_4_23,7,B67-042,SCHEUCHZERIO-CARICETEA FUSCAE,TOFIELDIETALIA,Eriophorion latifoliae,Carex rostrata-Scorpidium scorpioides,605203,NG,NG605203,160500,820300,57.210650,-5.967787,50,,,,100,4,32,64
table_4_24_1,table_4_24,1,B67-061,SCHEUCHZERIO-CARICETEA FUSCAE,TOFIELDIETALIA,Eriophorion latifoliae,Carex panicea-Campylium stellatum,752210,NG,NG752210,175200,821000,57.224372,-5.725591,1100,,225,15,60,4,31,62
table_4_24_2,table_4_24,2,B67-037,SCHEUCHZERIO-CARICETEA FUSCAE,TOFIELDIETALIA,Eriophorion latifoliae,Carex panicea-Campylium stellatum,331300,NG,NG331300,133100,830000,57.282392,-6.430504,600,,0,10,70,4,27,62
table_4_24_3,table_4_24,3,B67-076,SCHEUCHZERIO-CARICETEA FUSCAE,TOFIELDIETALIA,Eriophorion latifoliae,Carex panicea-Campylium stellatum,567201,NG,NG567201,156700,820100,57.206857,-6.030344,100,,90,20,80,4,24,62
table_4_24_4,table_4_24,4,B67-115,SCHEUCHZERIO-CARICETEA FUSCAE,TOFIELDIETALIA,Eriophorion latifoliae,Carex panicea-Campylium stellatum,510403,NG,NG510403,151000,840300,57.384776,-6.144788,600,,225,12,75,4,26,62
table_4_24_5,table_4_24,5,B68-098,SCHEUCHZERIO-CARICETEA FUSCAE,TOFIELDIETALIA,Eriophorion latifoliae,Carex panicea-Campylium stellatum,395645,NG,NG395645,139500,864500,57.595093,-6.361337,400,,180,5,100,4,28,62
table_4_24_6,table_4_24,6,B68-323,SCHEUCHZERIO-CARICETEA FUSCAE,TOFIELDIETALIA,Eriophorion latifoliae,Carex panicea-Campylium stellatum,753260,NG,NG753260,175300,826000,57.269241,-5.728467,200,,0,5,100,4,18,62
table_4_25_1,table_4_25,1,B67-011,SCHEUCHZERIO-CARICETEA FUSCAE,TOFIELDIETALIA,Eriophorion latifoliae,Eriophorum latifolium-Carex hostiana,,,,,,57.2195711,-6.0931604,350,,45,5,50,4,20,98
table_4_25_10,table_4_25,10,B68-123,SCHEUCHZERIO-CARICETEA FUSCAE,TOFIELDIETALIA,Eriophorion latifoliae,Eriophorum latifolium-Carex hostiana,502567,NG,NG502567,150200,856700,57.531262,-6.174801,750,,45,5,100,4,36,98
table_4_25_11,table_4_25,11,B67-044,SCHEUCHZERIO-CARICETEA FUSCAE,TOFIELDIETALIA,Eriophorion latifoliae,Eriophorum latifolium-Carex hostiana,601150,NG,NG601150,160100,815000,57.162946,-5.969288,150,,0,,70,4,50,98
table_4_25_12,table_4_25,12,B67-010,SCHEUCHZERIO-CARICETEA FUSCAE,TOFIELDIETALIA,Eriophorion latifoliae,Schoenus nigricans,,,,,,57.2195711,-6.0931604,350,,90,5,100,4,12,98
table_4_25_13,table_4_25,13,B67-255,SCHEUCHZERIO-CARICETEA FUSCAE,TOFIELDIETALIA,Eriophorion latifoliae,Schoenus nigricans,605202,NG,NG605202,160500,820200,57.209754,-5.967690,50,,,,100,4,23,98
table_4_25_14,table_4_25,14,B67-043,SCHEUCHZERIO-CARICETEA FUSCAE,TOFIELDIETALIA,Eriophorion latifoliae,Schoenus nigricans,602202,NG,NG602202,160200,820200,57.209597,-5.972645,50,,,,80,4,20,98
table_4_25_15,table_4_25,15,B68-021,SCHEUCHZERIO-CARICETEA FUSCAE,TOFIELDIETALIA,Eriophorion latifoliae,Schoenus nigricans,472304,NG,NG472304,147200,830400,57.293992,-6.197676,250,,,,100,4,25,98
table_4_25_16,table_4_25,16,B67-083,SCHEUCHZERIO-CARICETEA FUSCAE,TOFIELDIETALIA,Eriophorion latifoliae,Schoenus nigricans,528187,NG,NG528187,152800,818700,57.192226,-6.093346,750,,270,5,100,4,14,98
table_4_25_17,table_4_25,17,B67-039,SCHEUCHZERIO-CARICETEA FUSCAE,TOFIELDIETALIA,Eriophorion latifoliae,Schoenus nigricans,707158,NG,NG707158,170700,815800,57.175533,-5.795160,100,,270,2,100,4,17,98
table_4_25_18,table_4_25,18,B68-321,SCHEUCHZERIO-CARICETEA FUSCAE,TOFIELDIETALIA,Eriophorion latifoliae,Schoenus nigricans,753260,NG,NG753260,175300,826000,57.269241,-5.728467,200,,0,5,100,4,15,98
table_4_25_19,table_4_25,19,B67-075,SCHEUCHZERIO-CARICETEA FUSCAE,TOFIELDIETALIA,Eriophorion latifoliae,Carex-Saxifraga aizoides nodum,594200,NG,NG594200,159400,820000,57.207386,-5.985663,100,,0,5,40,4,30,98
table_4_25_2,table_4_25,2,B67-113,SCHEUCHZERIO-CARICETEA FUSCAE,TOFIELDIETALIA,Eriophorion latifoliae,Eriophorum latifolium-Carex hostiana,597108,NG,NG597108,159700,810800,57.125099,-5.971845,100,,0,10,50,4,28,98
table_4_25_20,table_4_25,20,B68-234,SCHEUCHZERIO-CARICETEA FUSCAE,TOFIELDIETALIA,Eriophorion latifoliae,Carex-Saxifraga aizoides nodum,544215,NG,NG544215,154400,821500,57.218174,-6.069702,800,,135,5,60,4,28,98
table_4_25_21,table_4_25,21,B68-105,SCHEUCHZERIO-CARICETEA FUSCAE,TOFIELDIETALIA,Eriophorion latifoliae,Carex-Saxifraga aizoides nodum,449699,NG,NG449699,144900,869900,57.646545,-6.276944,1550,,90,5,40,4,22,98
table_4_25_22,table_4_25,22,B68-107,SCHEUCHZERIO-CARICETEA FUSCAE,TOFIELDIETALIA,Eriophorion latifoliae,Carex-Saxifraga aizoides nodum,449699,NG,NG449699,144900,869900,57.646545,-6.276944,1550,,90,5,60,4,22,98
table_4_25_3,table_4_25,3,B68-012,SCHEUCHZERIO-CARICETEA FUSCAE,TOFIELDIETALIA,Eriophorion latifoliae,Eriophorum latifolium-Carex hostiana,587007,NG,NG587007,158700,800700,57.034065,-5.978605,200,,135,10,100,4,35,98
table_4_25_4,table_4_25,4,B68-024,SCHEUCHZERIO-CARICETEA FUSCAE,TOFIELDIETALIA,Eriophorion latifoliae,Eriophorum latifolium-Carex hostiana,472306,NG,NG472306,147200,830600,57.295784,-6.197881,300,,180,5,60,4,26,98
table_4_25_5,table_4_25,5,B68-322,SCHEUCHZERIO-CARICETEA FUSCAE,TOFIELDIETALIA,Eriophorion latifoliae,Eriophorum latifolium-Carex hostiana,753260,NG,NG753260,175300,826000,57.269241,-5.728467,200,,0,5,50,4,15,98
table_4_25_6,table_4_25,6,B68-349,SCHEUCHZERIO-CARICETEA FUSCAE,TOFIELDIETALIA,Eriophorion latifoliae,Eriophorum latifolium-Carex hostiana,412222,NG,NG412222,141200,822200,57.217181,-6.288394,150,,270,3,60,4,25,98
table_4_25_7,table_4_25,7,B68-350,SCHEUCHZERIO-CARICETEA FUSCAE,TOFIELDIETALIA,Eriophorion latifoliae,Eriophorum latifolium-Carex hostiana,412222,NG,NG412222,141200,822200,57.217181,-6.288394,150,,270,3,75,4,26,98
table_4_25_8,table_4_25,8,B68-359,SCHEUCHZERIO-CARICETEA FUSCAE,TOFIELDIETALIA,Eriophorion latifoliae,Eriophorum latifolium-Carex hostiana,415199,NG,NG415199,141500,819900,57.196747,-6.281051,250,,270,10,85,4,31,98
table_4_25_9,table_4_25,9,B68-124,SCHEUCHZERIO-CARICETEA FUSCAE,TOFIELDIETALIA,Eriophorion latifoliae,Eriophorum latifolium-Carex hostiana,503567,NG,NG503567,150300,856700,57.531317,-6.173135,700,,90,5,100,4,31,98
table_4_26_1,table_4_26,1,B67-079,OXYCOCCO-SPHAGNETEA,ERICETALIA TETRALICIS,Ericion tetralicis,Trichophoreto-Callunetum,547183,NG,NG547183,154700,818300,57.189662,-6.061593,300,,225,5,100,4,26,80
table_4_26_10,table_4_26,10,B68-049,OXYCOCCO-SPHAGNETEA,ERICETALIA TETRALICIS,Ericion tetralicis,Trichophoreto-Callunetum,438675,NG,NG438675,143800,867500,57.624424,-6.292778,950,,,,100,4,25,80
table_4_26_11,table_4_26,11,B67-122,OXYCOCCO-SPHAGNETEA,ERICETALIA TETRALICIS,Ericion tetralicis,Trichophoreto-Callunetum,435606,NG,NG435606,143500,860600,57.562450,-6.290489,1000,,0,10,100,4,26,80
table_4_26_12,table_4_26,12,B68-332,OXYCOCCO-SPHAGNETEA,ERICETALIA TETRALICIS,Ericion tetralicis,Trichophoreto-Callunetum,504286,NG,NG504286,150400,828600,57.279625,-6.142906,1200,,0,15,90,4,26,80
table_4_26_13,table_4_26,13,B67-095,OXYCOCCO-SPHAGNETEA,ERICETALIA TETRALICIS,Ericion tetralicis,Trichophoreto-Callunetum,657113,NG,NG657113,165700,811300,57.132677,-5.873443,400,,270,10,70,4,31,80
table_4_26_14,table_4_26,14,B67-060,OXYCOCCO-SPHAGNETEA,ERICETALIA TETRALICIS,Ericion tetralicis,Trichophoreto-Callunetum,752210,NG,NG752210,175200,821000,57.224372,-5.725591,1000,,225,10,70,4,31,80
table_4_26_2,table_4_26,2,B67-112,OXYCOCCO-SPHAGNETEA,ERICETALIA TETRALICIS,Ericion tetralicis,Trichophoreto-Callunetum,241531,NG,NG241531,124100,853100,57.483883,-6.605222,300,,315,5,100,4,20,80
table_4_26_3,table_4_26,3,B68-087,OXYCOCCO-SPHAGNETEA,ERICETALIA TETRALICIS,Ericion tetralicis,Trichophoreto-Callunetum,506557,NG,NG506557,150600,855700,57.522524,-6.167115,700,,45,4,100,4,19,80
table_4_26_4,table_4_26,4,B68-180,OXYCOCCO-SPHAGNETEA,ERICETALIA TETRALICIS,Ericion tetralicis,Trichophoreto-Callunetum,165543,NG,NG165543,116500,854300,57.489940,-6.732939,650,,45,5,100,4,18,80
table_4_26_5,table_4_26,5,B68-333,OXYCOCCO-SPHAGNETEA,ERICETALIA TETRALICIS,Ericion tetralicis,Trichophoreto-Callunetum,504286,NG,NG504286,150400,828600,57.279625,-6.142906,1300,,0,5,100,4,21,80
table_4_26_6,table_4_26,6,B68-029,OXYCOCCO-SPHAGNETEA,ERICETALIA TETRALICIS,Ericion tetralicis,Trichophoreto-Callunetum,500533,NG,NG500533,150000,853300,57.500692,-6.174645,1000,,90,2,100,4,21,80
table_4_26_7,table_4_26,7,B68-009,OXYCOCCO-SPHAGNETEA,ERICETALIA TETRALICIS,Ericion tetralicis,Trichophoreto-Callunetum,416182,NG,NG416182,141600,818200,57.181575,-6.277637,300,,90,8,90,4,23,80
table_4_26_8,table_4_26,8,B67-023,OXYCOCCO-SPHAGNETEA,ERICETALIA TETRALICIS,Ericion tetralicis,Trichophoreto-Callunetum,540208,NG,NG540208,154000,820800,57.211688,-6.075616,1400,,135,10,80,4,19,80
table_4_26_9,table_4_26,9,B67-111,OXYCOCCO-SPHAGNETEA,ERICETALIA TETRALICIS,Ericion tetralicis,Trichophoreto-Callunetum,241531,NG,NG241531,124100,853100,57.483883,-6.605222,300,,315,5,80,4,19,80
table_4_27_1,table_4_27,1,B68-008,OXYCOCCO-SPHAGNETEA,ERICETALIA TETRALICIS,Ericion tetralicis,Molinieto-Callunetum,416182,NG,NG416182,141600,818200,57.181575,-6.277637,300,,90,12,100,4,18,59
table_4_27_2,table_4_27,2,B68-326,OXYCOCCO-SPHAGNETEA,ERICETALIA TETRALICIS,Ericion tetralicis,Molinieto-Callunetum,492195,NG,NG492195,149200,819500,57.197439,-6.153563,150,,270,15,100,4,20,59
table_4_27_3,table_4_27,3,B67-050,OXYCOCCO-SPHAGNETEA,ERICETALIA TETRALICIS,Ericion tetralicis,Molinieto-Callunetum,437257,NG,NG437257,143700,825700,57.249939,-6.250726,400,,270,15,100,4,17,59
table_4_27_4,table_4_27,4,B67-052,OXYCOCCO-SPHAGNETEA,ERICETALIA TETRALICIS,Ericion tetralicis,Molinieto-Callunetum,441256,NG,NG441256,144100,825600,57.249267,-6.244012,650,,225,15,100,4,15,59
table_4_27_5,table_4_27,5,B67-084,OXYCOCCO-SPHAGNETEA,ERICETALIA TETRALICIS,Ericion tetralicis,Molinieto-Callunetum,516193,NG,NG516193,151600,819300,57.196954,-6.113749,300,,270,15,100,4,16,59
table_4_27_6,table_4_27,6,B67-088,OXYCOCCO-SPHAGNETEA,ERICETALIA TETRALICIS,Ericion tetralicis,Molinieto-Callunetum,512199,NG,NG512199,151200,819900,57.202113,-6.120951,200,,270,12,100,4,26,59
table_4_27_7,table_4_27,7,B67-080,OXYCOCCO-SPHAGNETEA,ERICETALIA TETRALICIS,Ericion tetralicis,Molinieto-Callunetum,542185,NG,NG542185,154200,818500,57.191186,-6.070042,250,,270,15,100,4,18,59
table_4_27_8,table_4_27,8,B67-027,OXYCOCCO-SPHAGNETEA,ERICETALIA TETRALICIS,Ericion tetralicis,Molinieto-Callunetum,370305,NG,NG370305,137000,830500,57.289131,-6.366536,500,,225,5,100,4,24,59
table_4_27_9,table_4_27,9,B68-181,OXYCOCCO-SPHAGNETEA,ERICETALIA TETRALICIS,Ericion tetralicis,Molinieto-Callunetum,165543,NG,NG165543,116500,854300,57.489940,-6.732939,650,,45,5,100,4,21,59
table_4_28_1,table_4_28,1,B67-090,OXYCOCCO-SPHAGNETEA,SPHAGNETALIA MAGELLANICI,Erico-Sphagnion,Trichophoreto-Eriophoretum,540177,NG,NG540177,154000,817700,57.183911,-6.072552,150,,,,100,4,22,73
table_4_28_10,table_4_28,10,B68-309,OXYCOCCO-SPHAGNETEA,SPHAGNETALIA MAGELLANICI,Erico-Sphagnion,Trichophoreto-Eriophoretum,493282,NG,NG493282,149300,828200,57.275439,-6.160697,100,,,,100,4,37,73
table_4_28_11,table_4_28,11,B68-311,OXYCOCCO-SPHAGNETEA,SPHAGNETALIA MAGELLANICI,Erico-Sphagnion,Trichophoreto-Eriophoretum,748258,NG,NG748258,174800,825800,57.267202,-5.736558,100,,,,100,4,26,73
table_4_28_12,table_4_28,12,B67-035,OXYCOCCO-SPHAGNETEA,SPHAGNETALIA MAGELLANICI,Erico-Sphagnion,Trichophoreto-Eriophoretum,516193,NG,NG516193,151600,819300,57.196954,-6.113749,200,,,,100,4,26,73
table_4_28_13,table_4_28,13,B67-005,OXYCOCCO-SPHAGNETEA,SPHAGNETALIA MAGELLANICI,Erico-Sphagnion,Trichophoreto-Eriophoretum,561216,NG,NG561216,156100,821600,57.219979,-6.041722,100,,45,3,100,4,22,73
table_4_28_14,table_4_28,14,B67-006,OXYCOCCO-SPHAGNETEA,SPHAGNETALIA MAGELLANICI,Erico-Sphagnion,Trichophoreto-Eriophoretum,558214,NG,NG558214,155800,821400,57.218027,-6.046481,250,,90,3,100,4,21,73
table_4_28_15,table_4_28,15,B67-051,OXYCOCCO-SPHAGNETEA,SPHAGNETALIA MAGELLANICI,Erico-Sphagnion,Trichophoreto-Eriophoretum,440256,NG,NG440256,144000,825600,57.249211,-6.245665,600,,45,5,100,4,21,73
table_4_28_2,table_4_28,2,B67-093,OXYCOCCO-SPHAGNETEA,SPHAGNETALIA MAGELLANICI,Erico-Sphagnion,Trichophoreto-Eriophoretum,657113,NG,NG657113,165700,811300,57.132677,-5.873443,400,,,,100,4,28,73
table_4_28_3,table_4_28,3,B67-140,OXYCOCCO-SPHAGNETEA,SPHAGNETALIA MAGELLANICI,Erico-Sphagnion,Trichophoreto-Eriophoretum,472306,NG,NG472306,147200,830600,57.295784,-6.197881,250,,0,2,100,4,28,73
table_4_28_4,table_4_28,4,B68-113,OXYCOCCO-SPHAGNETEA,SPHAGNETALIA MAGELLANICI,Erico-Sphagnion,Trichophoreto-Eriophoretum,385414,NG,NG385414,138500,841400,57.387622,-6.353279,500,,,,100,4,32,73
table_4_28_5,table_4_28,5,B68-210,OXYCOCCO-SPHAGNETEA,SPHAGNETALIA MAGELLANICI,Erico-Sphagnion,Trichophoreto-Eriophoretum,398336,NG,NG398336,139800,833600,57.318501,-6.323480,350,,,,100,4,21,73
table_4_28_6,table_4_28,6,B68-207,OXYCOCCO-SPHAGNETEA,SPHAGNETALIA MAGELLANICI,Erico-Sphagnion,Trichophoreto-Eriophoretum,675205,NG,NG675205,167500,820500,57.216048,-5.852355,200,,,,100,4,31,73
table_4_28_7,table_4_28,7,B67-048,OXYCOCCO-SPHAGNETEA,SPHAGNETALIA MAGELLANICI,Erico-Sphagnion,Trichophoreto-Eriophoretum,618198,NG,NG618198,161800,819800,57.206847,-5.945838,500,,30,2,100,4,33,73
table_4_28_8,table_4_28,8,B68-096,OXYCOCCO-SPHAGNETEA,SPHAGNETALIA MAGELLANICI,Erico-Sphagnion,Trichophoreto-Eriophoretum,483302,NG,NG483302,148300,830200,57.292808,-6.179270,25,,,,100,4,26,73
table_4_28_9,table_4_28,9,B68-229,OXYCOCCO-SPHAGNETEA,SPHAGNETALIA MAGELLANICI,Erico-Sphagnion,Trichophoreto-Eriophoretum,676203,NG,NG676203,167600,820300,57.214306,-5.850517,200,,,,100,4,29,73
table_4_29_1,table_4_29,1,B67-092,OXYCOCCO-SPHAGNETEA,SPHAGNETALIA MAGELLANICI,Erico-Sphagnion,Calluneto-Eriophoretum,657113,NG,NG657113,165700,811300,57.132677,-5.873443,400,,270,3,100,4,24,39
table_4_29_2,table_4_29,2,B68-111,OXYCOCCO-SPHAGNETEA,SPHAGNETALIA MAGELLANICI,Erico-Sphagnion,Calluneto-Eriophoretum,446708,NG,NG446708,144600,870800,57.654437,-6.282907,900,,,,100,4,16,39
table_4_29_3,table_4_29,3,B68-171,OXYCOCCO-SPHAGNETEA,SPHAGNETALIA MAGELLANICI,Erico-Sphagnion,Calluneto-Eriophoretum,222417,NG,NG222417,122200,841700,57.380656,-6.623890,1000,,180,2,100,4,20,39
table_4_29_4,table_4_29,4,B68-172,OXYCOCCO-SPHAGNETEA,SPHAGNETALIA MAGELLANICI,Erico-Sphagnion,Calluneto-Eriophoretum,222417,NG,NG222417,122200,841700,57.380656,-6.623890,1000,,180,3,100,4,18,39
table_4_29_5,table_4_29,5,B67-052,OXYCOCCO-SPHAGNETEA,SPHAGNETALIA MAGELLANICI,Erico-Sphagnion,Calluneto-Eriophoretum,756212,NG,NG756212,175600,821200,57.226361,-5.719161,1250,,,,100,4,22,39
table_4_2_1,table_4_2,1,B68-033,THLASPIETEA ROTUNDIFOLII,ANDROSACETALIA ALPINAE,Androsacion alpinae,Koenigia islandica scree community,499540,NG,NG499540,149900,854000,57.506908,-6.177027,1600,,90,45,10,4,13,27
table_4_2_2,table_4_2,2,B67-131,THLASPIETEA ROTUNDIFOLII,ANDROSACETALIA ALPINAE,Androsacion alpinae,Koenigia islandica scree community,456618,NG,NG456618,145600,861800,57.574385,-6.256744,1750,,90,60,10,4,14,27
table_4_2_3,table_4_2,3,B66-002,THLASPIETEA ROTUNDIFOLII,ANDROSACETALIA ALPINAE,Androsacion alpinae,Koenigia islandica scree community,500540,NG,NG500540,150000,854000,57.506963,-6.175362,1600,,90,35,20,4,12,27
table_4_2_4,table_4_2,4,B67-129,THLASPIETEA ROTUNDIFOLII,ANDROSACETALIA ALPINAE,Androsacion alpinae,Koenigia islandica scree community,456613,NG,NG456613,145600,861300,57.569906,-6.256220,1600,,90,20,40,4,17,27
table_4_30_1,table_4_30,1,B67-026,MONTIO-CARDAMINETEA,MONTIO-CARDAMINETALIA,Cardamino-Montion,Philonoto-Saxifragetum stellaris,370305,NG,NG370305,137000,830500,57.289131,-6.366536,450,,43,,100,4,18,89
table_4_30_10,table_4_30,10,B68-034,MONTIO-CARDAMINETEA,MONTIO-CARDAMINETALIA,Cardamino-Montion,Koenigia islandica-Carex demissa nodum,495542,NG,NG495542,149500,854200,57.508479,-6.183890,2250,,270,,60,4,15,26
table_4_30_11,table_4_30,11,B67-128,MONTIO-CARDAMINETEA,MONTIO-CARDAMINETALIA,Cardamino-Montion,Koenigia islandica-Carex demissa nodum,450617,NG,NG450617,145000,861700,57.573151,-6.266642,1700,,270,,40,4,15,26
table_4_30_12,table_4_30,12,B67-133,MONTIO-CARDAMINETEA,MONTIO-CARDAMINETALIA,Cardamino-Montion,Koenigia islandica-Carex demissa nodum,456627,NG,NG456627,145600,862700,57.582447,-6.257687,2000,,0,,30,4,10,26
table_4_30_13,table_4_30,13,B68-078,MONTIO-CARDAMINETEA,MONTIO-CARDAMINETALIA,Cardamino-Montion,Anthelia julacea banks,490542,NG,NG490542,149000,854200,57.508202,-6.192212,2050,,270,,100,4,15,21
table_4_30_14,table_4_30,14,B67-058,MONTIO-CARDAMINETEA,MONTIO-CARDAMINETALIA,Cardamino-Montion,Anthelia julacea banks,455246,NG,NG455246,145500,824600,57.241089,-6.219849,1800,,0,,100,4,13,21
table_4_30_2,table_4_30,2,B67-123,MONTIO-CARDAMINETEA,MONTIO-CARDAMINETALIA,Cardamino-Montion,Philonoto-Saxifragetum stellaris,440606,NG,NG440606,144000,860600,57.562733,-6.282155,1200,,0,1,100,4,20,89
table_4_30_3,table_4_30,3,B67-124,MONTIO-CARDAMINETEA,MONTIO-CARDAMINETALIA,Cardamino-Montion,Philonoto-Saxifragetum stellaris,446606,NG,NG446606,144600,860600,57.563072,-6.272155,1300,,0,,100,4,28,89
table_4_30_4,table_4_30,4,B67-021,MONTIO-CARDAMINETEA,MONTIO-CARDAMINETALIA,Cardamino-Montion,Philonoto-Saxifragetum stellaris,536212,NG,NG536212,153600,821200,57.215057,-6.082618,1900,,315,,100,4,23,89
table_4_30_5,table_4_30,5,B68-070,MONTIO-CARDAMINETEA,MONTIO-CARDAMINETALIA,Cardamino-Montion,Philonoto-Saxifragetum stellaris,490533,NG,NG490533,149000,853300,57.500140,-6.191286,1550,,90,,100,4,37,89
table_4_30_6,table_4_30,6,B68-106,MONTIO-CARDAMINETEA,MONTIO-CARDAMINETALIA,Cardamino-Montion,Philonoto-Saxifragetum stellaris,449699,NG,NG449699,144900,869900,57.646545,-6.276944,1550,,90,,100,4,19,89
table_4_30_7,table_4_30,7,B68-075,MONTIO-CARDAMINETEA,MONTIO-CARDAMINETALIA,Cardamino-Montion,Philonoto-Saxifragetum stellaris,490542,NG,NG490542,149000,854200,57.508202,-6.192212,2050,,270,,100,4,27,89
table_4_30_8,table_4_30,8,B68-072,MONTIO-CARDAMINETEA,MONTIO-CARDAMINETALIA,Cardamino-Montion,Philonoto-Saxifragetum stellaris,490537,NG,NG490537,149000,853700,57.503723,-6.191698,1800,,135,3,100,4,42,89
table_4_30_9,table_4_30,9,B68-076,MONTIO-CARDAMINETEA,MONTIO-CARDAMINETALIA,Cardamino-Montion,Koenigia islandica-Carex demissa nodum,490542,NG,NG490542,149000,854200,57.508202,-6.192212,2050,,270,,60,4,13,26
table_4_31_1,table_4_31,1,B68-090,MONTIO-CARDAMINETEA,MONTIO-CARDAMINETALIA,Cratoneurion commutati,Cratoneuron commutatum-Saxifraga aizoides nodum,518604,NG,NG518604,151800,860400,57.565290,-6.151927,75,,0,85,100,4,13,43
table_4_31_10,table_4_31,10,B68-239,MONTIO-CARDAMINETEA,MONTIO-CARDAMINETALIA,Cratoneurion commutati,Saxifragetum aizoidis,537213,NG,NG537213,153700,821300,57.216007,-6.081065,1600,,0,75,100,4,43,81
table_4_31_11,table_4_31,11,B68-109,MONTIO-CARDAMINETEA,MONTIO-CARDAMINETALIA,Cratoneurion commutati,Saxifragetum aizoidis,443706,NG,NG443706,144300,870600,57.652475,-6.287708,1600,,45,70,75,4,28,81
table_4_31_2,table_4_31,2,B68-091,MONTIO-CARDAMINETEA,MONTIO-CARDAMINETALIA,Cratoneurion commutati,Cratoneuron commutatum-Saxifraga aizoides nodum,518604,NG,NG518604,151800,860400,57.565290,-6.151927,75,,0,85,100,4,19,43
table_4_31_3,table_4_31,3,B67-007,MONTIO-CARDAMINETEA,MONTIO-CARDAMINETALIA,Cratoneurion commutati,Cratoneuron commutatum-Saxifraga aizoides nodum,560217,NG,NG560217,156000,821700,57.220821,-6.043472,250,,0,90,100,4,19,43
table_4_31_4,table_4_31,4,B68-232,MONTIO-CARDAMINETEA,MONTIO-CARDAMINETALIA,Cratoneurion commutati,Cratoneuron commutatum-Saxifraga aizoides nodum,557216,NG,NG557216,155700,821600,57.219765,-6.048329,350,,0,80,100,4,26,43
table_4_31_5,table_4_31,5,B67-089,MONTIO-CARDAMINETEA,MONTIO-CARDAMINETALIA,Cratoneurion commutati,Saxifragetum aizoidis,520198,NG,NG520198,152000,819800,57.201650,-6.107645,650,,225,70,100,4,30,81
table_4_31_6,table_4_31,6,B67-016,MONTIO-CARDAMINETEA,MONTIO-CARDAMINETALIA,Cratoneurion commutati,Saxifragetum aizoidis,542217,NG,NG542217,154200,821700,57.219859,-6.073203,1100,,45,60,100,4,24,81
table_4_31_7,table_4_31,7,B67-018,MONTIO-CARDAMINETEA,MONTIO-CARDAMINETALIA,Cratoneurion commutati,Saxifragetum aizoidis,540215,NG,NG540215,154000,821500,57.217960,-6.076309,1300,,45,70,100,4,22,81
table_4_31_8,table_4_31,8,B67-019,MONTIO-CARDAMINETEA,MONTIO-CARDAMINETALIA,Cratoneurion commutati,Saxifragetum aizoidis,538214,NG,NG538214,153800,821400,57.216956,-6.079513,1400,,0,70,100,4,20,81
table_4_31_9,table_4_31,9,B68-237,MONTIO-CARDAMINETEA,MONTIO-CARDAMINETALIA,Cratoneurion commutati,Saxifragetum aizoidis,539216,NG,NG539216,153900,821600,57.218802,-6.078059,1500,,315,75,100,4,45,81
table_4_32_1,table_4_32,1,B67-137,MOLINIO-ARRHENATHERETEA,MOLINIETALIA COERULEAE,Filipendulo-Petasition,Juncus acutiflorus-Filipendula ulmaria,505646,NG,NG505646,150500,864600,57.602200,-6.177917,250,,,,100,4,25,107
table_4_32_10,table_4_32,10,B68-361,MOLINIO-ARRHENATHERETEA,MOLINIETALIA COERULEAE,Filipendulo-Petasition,Juncus acutiflorus-Filipendula ulmaria,514545,NG,NG514545,151400,854500,57.512213,-6.152569,650,,90,2,100,4,33,107
table_4_32_2,table_4_32,2,B68-047,MOLINIO-ARRHENATHERETEA,MOLINIETALIA COERULEAE,Filipendulo-Petasition,Juncus acutiflorus-Filipendula ulmaria,503646,NG,NG503646,150300,864600,57.602090,-6.181254,250,,,,100,4,39,107
table_4_32_3,table_4_32,3,B68-028,MOLINIO-ARRHENATHERETEA,MOLINIETALIA COERULEAE,Filipendulo-Petasition,Juncus acutiflorus-Filipendula ulmaria,500335,NG,NG500335,150000,833500,57.323306,-6.154477,1000,,90,12,100,4,31,107
table_4_32_4,table_4_32,4,B68-063,MOLINIO-ARRHENATHERETEA,MOLINIETALIA COERULEAE,Filipendulo-Petasition,Juncus acutiflorus-Filipendula ulmaria,493486,NG,NG493486,149300,848600,57.458201,-6.181472,450,,,,100,4,34,107
table_4_32_5,table_4_32,5,B68-035,MOLINIO-ARRHENATHERETEA,MOLINIETALIA COERULEAE,Filipendulo-Petasition,Juncus acutiflorus-Filipendula ulmaria,375660,NG,NG375660,137500,866000,57.607369,-6.396320,50,,270,3,100,4,26,107
table_4_32_6,table_4_32,6,B68-048,MOLINIO-ARRHENATHERETEA,MOLINIETALIA COERULEAE,Filipendulo-Petasition,Juncus acutiflorus-Filipendula ulmaria,505646,NG,NG505646,150500,864600,57.602200,-6.177917,250,,,4,100,4,38,107
table_4_32_7,table_4_32,7,B68-353,MOLINIO-ARRHENATHERETEA,MOLINIETALIA COERULEAE,Filipendulo-Petasition,Juncus acutiflorus-Filipendula ulmaria,578086,NG,NG578086,157800,808600,57.104387,-6.001020,25,,,,100,4,33,107
table_4_32_8,table_4_32,8,B68-026,MOLINIO-ARRHENATHERETEA,MOLINIETALIA COERULEAE,Filipendulo-Petasition,Juncus acutiflorus-Filipendula ulmaria,502523,NG,NG502523,150200,852300,57.491844,-6.170293,500,,50,10,100,4,39,107
table_4_32_9,table_4_32,9,B68-360,MOLINIO-ARRHENATHERETEA,MOLINIETALIA COERULEAE,Filipendulo-Petasition,Juncus acutiflorus-Filipendula ulmaria,514545,NG,NG514545,151400,854500,57.512213,-6.152569,650,,90,5,100,4,34,107
table_4_33_1,table_4_33,1,B69-006,MOLINIO-ARRHENATHERETEA,ARRHENATHERETALIA,Cynosurion cristati,Centaureo-Cynosuretum,643242,NG,NG643242,164300,824200,57.247572,-5.908727,30,,,,100,4,24,64
table_4_33_10,table_4_33,10,B69-010,MOLINIO-ARRHENATHERETEA,ARRHENATHERETALIA,Cynosurion cristati,Centaureo-Cynosuretum,644245,NG,NG644245,164400,824500,57.250312,-5.907359,50,,,,100,4,23,64
table_4_33_11,table_4_33,11,B69-016,MOLINIO-ARRHENATHERETEA,ARRHENATHERETALIA,Cynosurion cristati,Centaureo-Cynosuretum,643243,NG,NG643243,164300,824300,57.248468,-5.908822,50,,90,5,100,4,29,64
table_4_33_12,table_4_33,12,B69-020,MOLINIO-ARRHENATHERETEA,ARRHENATHERETALIA,Cynosurion cristati,Centaureo-Cynosuretum,495667,NG,NG495667,149500,866700,57.620459,-6.196776,300,,,,100,4,30,64
table_4_33_2,table_4_33,2,B69-011,MOLINIO-ARRHENATHERETEA,ARRHENATHERETALIA,Cynosurion cristati,Centaureo-Cynosuretum,518137,NG,NG518137,151800,813700,57.146887,-6.104873,100,,,,100,4,29,64
table_4_33_3,table_4_33,3,B69-008,MOLINIO-ARRHENATHERETEA,ARRHENATHERETALIA,Cynosurion cristati,Centaureo-Cynosuretum,662223,NG,NG662223,166200,822300,57.231518,-5.875524,50,,,,100,4,20,64
table_4_33_4,table_4_33,4,B69-009,MOLINIO-ARRHENATHERETEA,ARRHENATHERETALIA,Cynosurion cristati,Centaureo-Cynosuretum,698117,NG,NG698117,169800,811700,57.138334,-5.806230,50,,,,100,4,27,64
table_4_33_5,table_4_33,5,B69-007,MOLINIO-ARRHENATHERETEA,ARRHENATHERETALIA,Cynosurion cristati,Centaureo-Cynosuretum,662223,NG,NG662223,166200,822300,57.231518,-5.875524,50,,,,100,4,22,64
table_4_33_6,table_4_33,6,B69-012,MOLINIO-ARRHENATHERETEA,ARRHENATHERETALIA,Cynosurion cristati,Centaureo-Cynosuretum,518137,NG,NG518137,151800,813700,57.146887,-6.104873,100,,,5,100,4,26,64
table_4_33_7,table_4_33,7,B69-013,MOLINIO-ARRHENATHERETEA,ARRHENATHERETALIA,Cynosurion cristati,Centaureo-Cynosuretum,648232,NG,NG648232,164800,823200,57.238867,-5.899513,30,,0,2,100,4,32,64
table_4_33_8,table_4_33,8,B69-014,MOLINIO-ARRHENATHERETEA,ARRHENATHERETALIA,Cynosurion cristati,Centaureo-Cynosuretum,648232,NG,NG648232,164800,823200,57.238867,-5.899513,30,,0,,100,4,31,64
table_4_33_9,table_4_33,9,B69-015,MOLINIO-ARRHENATHERETEA,ARRHENATHERETALIA,Cynosurion cristati,Centaureo-Cynosuretum,645235,NG,NG645235,164500,823500,57.241402,-5.904756,50,,,,100,4,21,64
table_4_34_1,table_4_34,1,B68-001,MOLINIO-ARRHENATHERETEA,ARRHENATHERETALIA,Cynosurion cristati,Maritime grassland nodum,409743,NG,NG409743,140900,874300,57.683672,-6.348484,75,,270,6,100,4,32,65
table_4_34_2,table_4_34,2,B68-146,MOLINIO-ARRHENATHERETEA,ARRHENATHERETALIA,Cynosurion cristati,Maritime grassland nodum,132475,NG,NG132475,113200,847500,57.426996,-6.779826,100,,,,100,4,33,65
table_4_34_3,table_4_34,3,B67-030,MOLINIO-ARRHENATHERETEA,ARRHENATHERETALIA,Cynosurion cristati,Maritime grassland nodum,320345,NG,NG320345,132000,834500,57.322049,-6.453572,300,,0,4,100,4,35,65
table_4_34_4,table_4_34,4,B68-197,MOLINIO-ARRHENATHERETEA,ARRHENATHERETALIA,Cynosurion cristati,Maritime grassland nodum,222612,NG,NG222612,122200,861200,57.555242,-6.646038,30,,0,10,100,4,23,65
table_4_34_5,table_4_34,5,B68-002,MOLINIO-ARRHENATHERETEA,ARRHENATHERETALIA,Cynosurion cristati,Maritime grassland nodum,410743,NG,NG410743,141000,874300,57.683730,-6.346812,50,,0,20,100,4,24,65
table_4_35_1,table_4_35,1,B68-258,ELYNO-SESLERIETEA,ELYNO-DRYADETALIA,Kobresio-Dryadion,Dryas octopetala-Carex flacca,611201,NG,NG611201,161100,820100,57.209171,-5.957685,75,,270,3,100,4,19,86
table_4_35_10,table_4_35,10,B68-259,ELYNO-SESLERIETEA,ELYNO-DRYADETALIA,Kobresio-Dryadion,Dryas octopetala-Carex flacca,611201,NG,NG611201,161100,820100,57.209171,-5.957685,75,,225,5,100,4,23,86
table_4_35_11,table_4_35,11,B68-306,ELYNO-SESLERIETEA,ELYNO-DRYADETALIA,Kobresio-Dryadion,Dryas octopetala-Carex flacca,617197,NG,NG617197,161700,819700,57.205899,-5.947393,400,,0,10,100,4,26,86
table_4_35_12,table_4_35,12,B67-119,ELYNO-SESLERIETEA,ELYNO-DRYADETALIA,Kobresio-Dryadion,Dryas octopetala-Carex flacca,611201,NG,NG611201,161100,820100,57.209171,-5.957685,75,,270,10,100,4,28,86
table_4_35_2,table_4_35,2,B68-307,ELYNO-SESLERIETEA,ELYNO-DRYADETALIA,Kobresio-Dryadion,Dryas octopetala-Carex flacca,617197,NG,NG617197,161700,819700,57.205899,-5.947393,400,,0,8,100,4,19,86
table_4_35_3,table_4_35,3,B67-001,ELYNO-SESLERIETEA,ELYNO-DRYADETALIA,Kobresio-Dryadion,Dryas octopetala-Carex flacca,611202,NG,NG611202,161100,820200,57.210067,-5.957782,100,,0,8,100,4,36,86
table_4_35_4,table_4_35,4,B67-004,ELYNO-SESLERIETEA,ELYNO-DRYADETALIA,Kobresio-Dryadion,Dryas octopetala-Carex flacca,612198,NG,NG612198,161200,819800,57.206535,-5.955746,250,,315,10,100,4,43,86
table_4_35_5,table_4_35,5,B67-074,ELYNO-SESLERIETEA,ELYNO-DRYADETALIA,Kobresio-Dryadion,Dryas octopetala-Carex flacca,594200,NG,NG594200,159400,820000,57.207386,-5.985663,100,,0,8,100,4,28,86
table_4_35_6,table_4_35,6,B68-215,ELYNO-SESLERIETEA,ELYNO-DRYADETALIA,Kobresio-Dryadion,Dryas octopetala-Carex flacca,584187,NG,NG584187,158400,818700,57.195210,-6.000913,100,,270,5,100,4,26,86
table_4_35_7,table_4_35,7,B68-216,ELYNO-SESLERIETEA,ELYNO-DRYADETALIA,Kobresio-Dryadion,Dryas octopetala-Carex flacca,584187,NG,NG584187,158400,818700,57.195210,-6.000913,75,,270,5,100,4,32,86
table_4_35_8,table_4_35,8,B68-260,ELYNO-SESLERIETEA,ELYNO-DRYADETALIA,Kobresio-Dryadion,Dryas octopetala-Carex flacca,584187,NG,NG584187,158400,818700,57.195210,-6.000913,75,,270,5,100,4,31,86
table_4_35_9,table_4_35,9,B68-305,ELYNO-SESLERIETEA,ELYNO-DRYADETALIA,Kobresio-Dryadion,Dryas octopetala-Carex flacca,619196,NG,NG619196,161900,819600,57.205107,-5.943995,450,,315,6,100,4,29,86
table_4_36_1,table_4_36,1,B68-338,CARICETEA CURVULAE,CARICETALIA CURVULAE,Arctostaphyleto-Cetrariion nivalis,Cariceto-Rhacomitretum lanuginosi,506278,NG,NG506278,150600,827800,57.272567,-6.138791,1500,,0,3,100,4,20,70
table_4_36_10,table_4_36,10,B67-072,CARICETEA CURVULAE,CARICETALIA CURVULAE,Arctostaphyleto-Cetrariion nivalis,Cariceto-Rhacomitretum lanuginosi,763223,NG,NG763223,176300,822300,57.236564,-5.708583,2400,,45,5,100,4,21,70
table_4_36_11,table_4_36,11,B68-079,CARICETEA CURVULAE,CARICETALIA CURVULAE,Arctostaphyleto-Cetrariion nivalis,Cariceto-Rhacomitretum lanuginosi,490545,NG,NG490545,149000,854500,57.510890,-6.192521,1850,,315,8,100,4,26,70
table_4_36_12,table_4_36,12,B67-134,CARICETEA CURVULAE,CARICETALIA CURVULAE,Arctostaphyleto-Cetrariion nivalis,Cariceto-Rhacomitretum lanuginosi,456627,NG,NG456627,145600,862700,57.582447,-6.257687,2000,,270,5,100,4,28,70
table_4_36_13,table_4_36,13,B68-074,CARICETEA CURVULAE,CARICETALIA CURVULAE,Arctostaphyleto-Cetrariion nivalis,Cariceto-Rhacomitretum lanuginosi,496542,NG,NG496542,149600,854200,57.508534,-6.182225,2300,,270,8,100,4,18,70
table_4_36_14,table_4_36,14,B68-337,CARICETEA CURVULAE,CARICETALIA CURVULAE,Arctostaphyleto-Cetrariion nivalis,Cariceto-Rhacomitretum lanuginosi,506278,NG,NG506278,150600,827800,57.272567,-6.138791,1500,,,,100,4,18,70
table_4_36_15,table_4_36,15,B67-127,CARICETEA CURVULAE,CARICETALIA CURVULAE,Arctostaphyleto-Cetrariion nivalis,Cariceto-Rhacomitretum lanuginosi,455610,NG,NG455610,145500,861000,57.567163,-6.257573,1600,,270,3,100,4,17,70
table_4_36_16,table_4_36,16,B68-081,CARICETEA CURVULAE,CARICETALIA CURVULAE,Arctostaphyleto-Cetrariion nivalis,Cariceto-Rhacomitretum lanuginosi,490542,NG,NG490542,149000,854200,57.508202,-6.192212,2000,,315,3,100,4,17,70
table_4_36_17,table_4_36,17,B68-242,CARICETEA CURVULAE,CARICETALIA CURVULAE,Arctostaphyleto-Cetrariion nivalis,Cariceto-Rhacomitretum lanuginosi,529218,NG,NG529218,152900,821800,57.220056,-6.094774,3000,,,,100,4,18,70
table_4_36_2,table_4_36,2,B67-125,CARICETEA CURVULAE,CARICETALIA CURVULAE,Arctostaphyleto-Cetrariion nivalis,Cariceto-Rhacomitretum lanuginosi,443603,NG,NG443603,144300,860300,57.560215,-6.276840,1500,,,,100,4,20,70
table_4_36_3,table_4_36,3,B68-169,CARICETEA CURVULAE,CARICETALIA CURVULAE,Arctostaphyleto-Cetrariion nivalis,Cariceto-Rhacomitretum lanuginosi,224422,NG,NG224422,122400,842200,57.385255,-6.621139,1600,,315,3,100,4,19,70
table_4_36_4,table_4_36,4,B68-080,CARICETEA CURVULAE,CARICETALIA CURVULAE,Arctostaphyleto-Cetrariion nivalis,Cariceto-Rhacomitretum lanuginosi,490547,NG,NG490547,149000,854700,57.512682,-6.192727,1750,,340,4,100,4,15,70
table_4_36_5,table_4_36,5,B67-022,CARICETEA CURVULAE,CARICETALIA CURVULAE,Arctostaphyleto-Cetrariion nivalis,Cariceto-Rhacomitretum lanuginosi,535211,NG,NG535211,153500,821100,57.214107,-6.084170,2000,,315,3,100,4,17,70
table_4_36_6,table_4_36,6,B67-065,CARICETEA CURVULAE,CARICETALIA CURVULAE,Arctostaphyleto-Cetrariion nivalis,Cariceto-Rhacomitretum lanuginosi,753223,NG,NG753223,175300,822300,57.236075,-5.725114,2000,,,,100,4,24,70
table_4_36_7,table_4_36,7,B68-344,CARICETEA CURVULAE,CARICETALIA CURVULAE,Arctostaphyleto-Cetrariion nivalis,Cariceto-Rhacomitretum lanuginosi,517303,NG,NG517303,151700,830300,57.295564,-6.123106,2200,,,,100,4,16,70
table_4_36_8,table_4_36,8,B68-343,CARICETEA CURVULAE,CARICETALIA CURVULAE,Arctostaphyleto-Cetrariion nivalis,Cariceto-Rhacomitretum lanuginosi,516302,NG,NG516302,151600,830200,57.294614,-6.124661,2400,,,,100,4,21,70
table_4_36_9,table_4_36,9,B68-241,CARICETEA CURVULAE,CARICETALIA CURVULAE,Arctostaphyleto-Cetrariion nivalis,Cariceto-Rhacomitretum lanuginosi,532215,NG,NG532215,153200,821500,57.217530,-6.089521,2500,,90,3,100,4,22,70
table_4_37_1,table_4_37,1,B68-328,CARICETEA CURVULAE,CARICETALIA CURVULAE,Arctostaphyleto-Cetrariion nivalis,Rhacomitreto-Callunettum,576012,NG,NG576012,157600,801200,57.037969,-5.997166,500,,225,5,100,4,21,66
table_4_37_10,table_4_37,10,B68-342,CARICETEA CURVULAE,CARICETALIA CURVULAE,Arctostaphyleto-Cetrariion nivalis,Rhacomitreto-Callunettum,520285,NG,NG520285,152000,828500,57.279600,-6.116337,2000,,270,5,100,4,22,66
table_4_37_11,table_4_37,11,B68-341,CARICETEA CURVULAE,CARICETALIA CURVULAE,Arctostaphyleto-Cetrariion nivalis,Rhacomitreto-Callunettum,515280,NG,NG515280,151500,828000,57.274848,-6.124107,1700,,,,100,4,22,66
table_4_37_12,table_4_37,12,B68-339,CARICETEA CURVULAE,CARICETALIA CURVULAE,Arctostaphyleto-Cetrariion nivalis,Rhacomitreto-Callunettum,514272,NG,NG514272,151400,827200,57.267626,-6.124958,1900,,180,5,100,4,21,66
table_4_37_13,table_4_37,13,B68-340,CARICETEA CURVULAE,CARICETALIA CURVULAE,Arctostaphyleto-Cetrariion nivalis,Rhacomitreto-Callunettum,515273,NG,NG515273,151500,827300,57.268577,-6.123404,2000,,,,100,4,20,66
table_4_37_14,table_4_37,14,B67-056,CARICETEA CURVULAE,CARICETALIA CURVULAE,Arctostaphyleto-Cetrariion nivalis,Rhacomitreto-Callunettum,451248,NG,NG451248,145100,824800,57.242659,-6.226664,2200,,,,100,4,18,66
table_4_37_2,table_4_37,2,B68-324,CARICETEA CURVULAE,CARICETALIA CURVULAE,Arctostaphyleto-Cetrariion nivalis,Rhacomitreto-Callunettum,524183,NG,NG524183,152400,818300,57.188426,-6.099549,600,,225,5,100,4,20,66
table_4_37_3,table_4_37,3,B67-024,CARICETEA CURVULAE,CARICETALIA CURVULAE,Arctostaphyleto-Cetrariion nivalis,Rhacomitreto-Callunettum,552210,NG,NG552210,155200,821000,57.214122,-6.055997,1100,,,,100,4,14,66
table_4_37_4,table_4_37,4,B68-166,CARICETEA CURVULAE,CARICETALIA CURVULAE,Arctostaphyleto-Cetrariion nivalis,Rhacomitreto-Callunettum,216429,NG,NG216429,121600,842900,57.391033,-6.635194,1150,,45,3,100,4,26,66
table_4_37_5,table_4_37,5,B68-167,CARICETEA CURVULAE,CARICETALIA CURVULAE,Arctostaphyleto-Cetrariion nivalis,Rhacomitreto-Callunettum,216429,NG,NG216429,121600,842900,57.391033,-6.635194,1200,,45,4,100,4,28,66
table_4_37_6,table_4_37,6,B68-168,CARICETEA CURVULAE,CARICETALIA CURVULAE,Arctostaphyleto-Cetrariion nivalis,Rhacomitreto-Callunettum,225423,NG,NG225423,122500,842300,57.386211,-6.619593,1200,,315,10,100,4,23,66
table_4_37_7,table_4_37,7,B68-335,CARICETEA CURVULAE,CARICETALIA CURVULAE,Arctostaphyleto-Cetrariion nivalis,Rhacomitreto-Callunettum,505284,NG,NG505284,150500,828400,57.277888,-6.141050,1300,,,,100,4,24,66
table_4_37_8,table_4_37,8,B68-334,CARICETEA CURVULAE,CARICETALIA CURVULAE,Arctostaphyleto-Cetrariion nivalis,Rhacomitreto-Callunettum,505285,NG,NG505285,150500,828500,57.278784,-6.141151,1350,,,,100,4,21,66
table_4_37_9,table_4_37,9,B67-064,CARICETEA CURVULAE,CARICETALIA CURVULAE,Arctostaphyleto-Cetrariion nivalis,Rhacomitreto-Callunettum,753222,NG,NG753222,175300,822200,57.235178,-5.725024,1950,,270,5,100,4,19,66
table_4_38_1,table_4_38,1,B68-108,CARICETEA CURVULAE,CARICETALIA CURVULAE,Arctostaphyleto-Cetrariion nivalis,Rhacomitreto-Empetretum,444704,NG,NG444704,144400,870400,57.650740,-6.285825,1400,,45,15,100,4,31,89
table_4_38_10,table_4_38,10,B67-055,CARICETEA CURVULAE,CARICETALIA CURVULAE,Arctostaphyleto-Cetrariion nivalis,Rhacomitreto-Empetretum,451248,NG,NG451248,145100,824800,57.242659,-6.226664,2100,,315,40,100,4,16,89
table_4_38_11,table_4_38,11,B67-071,CARICETEA CURVULAE,CARICETALIA CURVULAE,Arctostaphyleto-Cetrariion nivalis,Rhacomitreto-Empetretum,762223,NG,NG762223,176200,822300,57.236515,-5.710236,2300,,315,30,100,4,17,89
table_4_38_2,table_4_38,2,B68-163,CARICETEA CURVULAE,CARICETALIA CURVULAE,Arctostaphyleto-Cetrariion nivalis,Rhacomitreto-Empetretum,221445,NG,NG221445,122100,844500,57.405664,-6.628713,1400,,0,5,100,4,30,89
table_4_38_3,table_4_38,3,B68-164,CARICETEA CURVULAE,CARICETALIA CURVULAE,Arctostaphyleto-Cetrariion nivalis,Rhacomitreto-Empetretum,221445,NG,NG221445,122100,844500,57.405664,-6.628713,1400,,0,10,100,4,32,89
table_4_38_4,table_4_38,4,B68-345,CARICETEA CURVULAE,CARICETALIA CURVULAE,Arctostaphyleto-Cetrariion nivalis,Rhacomitreto-Empetretum,516304,NG,NG516304,151600,830400,57.296406,-6.124861,2000,,0,8,100,4,18,89
table_4_38_5,table_4_38,5,B68-246,CARICETEA CURVULAE,CARICETALIA CURVULAE,Arctostaphyleto-Cetrariion nivalis,Rhacomitreto-Empetretum,534208,NG,NG534208,153400,820800,57.211365,-6.085524,2200,,0,5,100,4,27,89
table_4_38_6,table_4_38,6,B67-069,CARICETEA CURVULAE,CARICETALIA CURVULAE,Arctostaphyleto-Cetrariion nivalis,Rhacomitreto-Empetretum,761223,NG,NG761223,176100,822300,57.236466,-5.711889,2250,,315,5,100,4,35,89
table_4_38_7,table_4_38,7,B67-070,CARICETEA CURVULAE,CARICETALIA CURVULAE,Arctostaphyleto-Cetrariion nivalis,Rhacomitreto-Empetretum,762223,NG,NG762223,176200,822300,57.236515,-5.710236,2300,,45,15,100,4,28,89
table_4_38_8,table_4_38,8,B67-035,CARICETEA CURVULAE,CARICETALIA CURVULAE,Arctostaphyleto-Cetrariion nivalis,Rhacomitreto-Empetretum,334298,NG,NG334298,133400,829800,57.280776,-6.425328,800,,0,45,100,4,21,89
table_4_38_9,table_4_38,9,B67-059,CARICETEA CURVULAE,CARICETALIA CURVULAE,Arctostaphyleto-Cetrariion nivalis,Rhacomitreto-Empetretum,453248,NG,NG453248,145300,824800,57.242770,-6.223359,1600,,45,30,100,4,18,89
table_4_39_1,table_4_39,1,B68-336,SALICETEA HERBACEAE,DESCHAMPSIETO-MYRTILLETALIA,Nardeto-Caricion bigelowii,Nardus stricta-Vaccinium myrtillus,505284,NG,NG505284,150500,828400,57.277888,-6.141050,1800,,0,10,100,4,18,54
table_4_39_10,table_4_39,10,B67-067,SALICETEA HERBACEAE,DESCHAMPSIETO-MYRTILLETALIA,Nardeto-Caricion bigelowii,Nardus stricta-Vaccinium myrtillus,761223,NG,NG761223,176100,822300,57.236466,-5.711889,2300,,0,5,100,4,21,54
table_4_39_11,table_4_39,11,B68-066,SALICETEA HERBACEAE,DESCHAMPSIETO-MYRTILLETALIA,Nardeto-Caricion bigelowii,Nardus stricta-Vaccinium myrtillus,760223,NG,NG760223,176000,822300,57.236418,-5.713543,2300,,340,5,100,4,24,54
table_4_39_2,table_4_39,2,B67-001A,SALICETEA HERBACEAE,DESCHAMPSIETO-MYRTILLETALIA,Nardeto-Caricion bigelowii,Nardus stricta-Vaccinium myrtillus,536211,NG,NG536211,153600,821100,57.214161,-6.082519,1900,,45,5,100,4,18,54
table_4_39_3,table_4_39,3,B67-001B,SALICETEA HERBACEAE,DESCHAMPSIETO-MYRTILLETALIA,Nardeto-Caricion bigelowii,Nardus stricta-Vaccinium myrtillus,536211,NG,NG536211,153600,821100,57.214161,-6.082519,1900,,45,5,100,4,18,54
table_4_39_4,table_4_39,4,B67-001C,SALICETEA HERBACEAE,DESCHAMPSIETO-MYRTILLETALIA,Nardeto-Caricion bigelowii,Nardus stricta-Vaccinium myrtillus,536211,NG,NG536211,153600,821100,57.214161,-6.082519,1850,,45,5,100,4,13,54
table_4_39_5,table_4_39,5,B68-243,SALICETEA HERBACEAE,DESCHAMPSIETO-MYRTILLETALIA,Nardeto-Caricion bigelowii,Nardus stricta-Vaccinium myrtillus,529218,NG,NG529218,152900,821800,57.220056,-6.094774,2900,,115,15,100,4,15,54
table_4_39_6,table_4_39,6,B68-244,SALICETEA HERBACEAE,DESCHAMPSIETO-MYRTILLETALIA,Nardeto-Caricion bigelowii,Nardus stricta-Vaccinium myrtillus,,,,,,57.2195711,-6.0931604,2800,,90,10,100,4,17,54
table_4_39_7,table_4_39,7,B68-082,SALICETEA HERBACEAE,DESCHAMPSIETO-MYRTILLETALIA,Nardeto-Caricion bigelowii,Nardus stricta-Vaccinium myrtillus,491547,NG,NG491547,149100,854700,57.512737,-6.191062,1850,,0,5,100,4,21,54
table_4_39_8,table_4_39,8,B68-083,SALICETEA HERBACEAE,DESCHAMPSIETO-MYRTILLETALIA,Nardeto-Caricion bigelowii,Nardus stricta-Vaccinium myrtillus,489548,NG,NG489548,148900,854800,57.513522,-6.194494,2000,,0,5,100,4,17,54
table_4_39_9,table_4_39,9,B69-068,SALICETEA HERBACEAE,DESCHAMPSIETO-MYRTILLETALIA,Nardeto-Caricion bigelowii,Nardus stricta-Vaccinium myrtillus,761223,NG,NG761223,176100,822300,57.236466,-5.711889,2250,,0,5,100,4,19,54
table_4_3_1,table_4_3,1,B68-147,ASPLENIETEA RUPESTRIS,POTENTILLETALIA CAULESCENTIS,Potentillion caulescentis,Asplenium marinum-Grimmia maritima,141477,NG,NG141477,114100,847700,57.429354,-6.765124,100,,90,80,60,1,7,20
table_4_3_2,table_4_3,2,B68-158,ASPLENIETEA RUPESTRIS,POTENTILLETALIA CAULESCENTIS,Potentillion caulescentis,Asplenium marinum-Grimmia maritima,504444,NG,NG504444,150400,844400,57.421179,-6.158908,30,,135,90,50,0.5,5,20
table_4_3_3,table_4_3,3,B68-211,ASPLENIETEA RUPESTRIS,POTENTILLETALIA CAULESCENTIS,Potentillion caulescentis,Asplenium marinum-Grimmia maritima,583189,NG,NG583189,158300,818900,57.196950,-6.002758,25,,270,75,60,2,8,20
table_4_3_4,table_4_3,4,B68-088,ASPLENIETEA RUPESTRIS,POTENTILLETALIA CAULESCENTIS,Potentillion caulescentis,Asplenium marinum-Grimmia maritima,558157,NG,NG558157,155800,815700,57.166951,-6.040890,10,,90,80,80,4,6,20
table_4_3_5,table_4_3,5,B68-323,ASPLENIETEA RUPESTRIS,POTENTILLETALIA CAULESCENTIS,Potentillion caulescentis,Asplenium marinum-Grimmia maritima,508186,NG,NG508186,150800,818600,57.190248,-6.126253,30,,90,90,100,1,6,20
table_4_3_6,table_4_3,6,B68-004,ASPLENIETEA RUPESTRIS,POTENTILLETALIA CAULESCENTIS,Potentillion caulescentis,Asplenium marinum-Grimmia maritima,410762,NG,NG410762,141000,876200,57.700747,-6.348855,50,,315,80,50,1,8,20
table_4_3_7,table_4_3,7,B68-200,ASPLENIETEA RUPESTRIS,POTENTILLETALIA CAULESCENTIS,Potentillion caulescentis,Asplenium marinum-Grimmia maritima,222613,NG,NG222613,122200,861300,57.556138,-6.646152,5,,0,90,40,0.5,6,20
table_4_3_8,table_4_3,8,B68-202,ASPLENIETEA RUPESTRIS,POTENTILLETALIA CAULESCENTIS,Potentillion caulescentis,Asplenium marinum-Grimmia maritima,323385,NG,NG323385,132300,838500,57.358048,-6.452948,20,,270,80,60,2,8,20
table_4_41_1,table_4_41,1,B67-130,NARDO-CALLUNETEA,NARDETALIA,Nardo-Galion saxatilis,Nardo-Juncetum squarrosi,455616,NG,NG455616,145500,861600,57.572537,-6.258201,1750,,270,3,100,4,14,65
table_4_41_2,table_4_41,2,B68-103,NARDO-CALLUNETEA,NARDETALIA,Nardo-Galion saxatilis,Nardo-Juncetum squarrosi,445690,NG,NG445690,144500,869000,57.638257,-6.282675,1650,,135,10,100,4,30,65
table_4_41_3,table_4_41,3,B68-073,NARDO-CALLUNETEA,NARDETALIA,Nardo-Galion saxatilis,Nardo-Juncetum squarrosi,492538,NG,NG492538,149200,853800,57.504730,-6.188472,2100,,270,5,100,4,30,65
table_4_41_4,table_4_41,4,B68-084,NARDO-CALLUNETEA,NARDETALIA,Nardo-Galion saxatilis,Nardo-Juncetum squarrosi,488548,NG,NG488548,148800,854800,57.513467,-6.196159,1650,,315,5,100,4,22,65
table_4_41_5,table_4_41,5,B68-170,NARDO-CALLUNETEA,NARDETALIA,Nardo-Galion saxatilis,Nardo-Juncetum squarrosi,225421,NG,NG225421,122500,842100,57.384420,-6.619368,1600,,,,100,4,16,65
table_4_41_6,table_4_41,6,B68-077,NARDO-CALLUNETEA,NARDETALIA,Nardo-Galion saxatilis,Nardo-Juncetum squarrosi,490542,NG,NG490542,149000,854200,57.508202,-6.192212,2050,,270,5,100,4,16,65
table_4_41_7,table_4_41,7,B67-126,NARDO-CALLUNETEA,NARDETALIA,Nardo-Galion saxatilis,Nardo-Juncetum squarrosi,443603,NG,NG443603,144300,860300,57.560215,-6.276840,1500,,,,100,4,21,65
table_4_41_8,table_4_41,8,B68-165,NARDO-CALLUNETEA,NARDETALIA,Nardo-Galion saxatilis,Nardo-Juncetum squarrosi,220445,NG,NG220445,122000,844500,57.405603,-6.630372,1500,,,,100,4,22,65
table_4_41_9,table_4_41,9,B68-104,NARDO-CALLUNETEA,NARDETALIA,Nardo-Galion saxatilis,Nardo-Juncetum squarrosi,445690,NG,NG445690,144500,869000,57.638257,-6.282675,1650,,135,5,100,4,18,65
table_4_42_1,table_4_42,1,B67-081,NARDO-CALLUNETEA,CALLUNO-ULICETALIA,Ericion cinereae,Callunetum vulgaris,544185,NG,NG544185,154400,818500,57.191294,-6.066741,250,,135,20,100,4,11,47
table_4_42_2,table_4_42,2,B67-031,NARDO-CALLUNETEA,CALLUNO-ULICETALIA,Ericion cinereae,Callunetum vulgaris,312336,NG,NG312336,131200,833600,57.313519,-6.465836,250,,0,5,100,4,11,47
table_4_42_3,table_4_42,3,B67-054,NARDO-CALLUNETEA,CALLUNO-ULICETALIA,Ericion cinereae,Callunetum vulgaris,446257,NG,NG446257,144600,825700,57.250442,-6.235852,900,,270,5,100,4,20,47
table_4_42_4,table_4_42,4,B68-054,NARDO-CALLUNETEA,CALLUNO-ULICETALIA,Ericion cinereae,Callunetum vulgaris,468342,NG,NG468342,146800,834200,57.327813,-6.208189,350,,270,20,100,4,21,47
table_4_42_5,table_4_42,5,B68-059,NARDO-CALLUNETEA,CALLUNO-ULICETALIA,Ericion cinereae,Callunetum vulgaris,495312,NG,NG495312,149500,831200,57.302426,-6.160426,150,,135,25,100,4,19,47
table_4_42_6,table_4_42,6,B68-115,NARDO-CALLUNETEA,CALLUNO-ULICETALIA,Ericion cinereae,Callunetum vulgaris,390417,NG,NG390417,139000,841700,57.390596,-6.345304,450,,135,15,100,4,23,47
table_4_42_7,table_4_42,7,B68-179,NARDO-CALLUNETEA,CALLUNO-ULICETALIA,Ericion cinereae,Callunetum vulgaris,176544,NG,NG176544,117600,854400,57.491521,-6.714768,500,,45,5,100,4,16,47
table_4_42_8,table_4_42,8,B67-073,NARDO-CALLUNETEA,CALLUNO-ULICETALIA,Ericion cinereae,Callunetum vulgaris,757218,NG,NG757218,175700,821800,57.231789,-5.718050,1600,,225,20,85,4,17,47
table_4_43_1,table_4_43,1,B67-139,NARDO-CALLUNETEA,CALLUNO-ULICETALIA,Ericion cinereae,Calluna vulgaris-Sieglingia decumbens,416493,NG,NG416493,141600,849300,57.460154,-6.310182,200,,180,5,100,4,32,106
table_4_43_10,table_4_43,10,B68-262,NARDO-CALLUNETEA,CALLUNO-ULICETALIA,Ericion cinereae,Calluna vulgaris-Sieglingia decumbens,584187,NG,NG584187,158400,818700,57.195210,-6.000913,75,,270,10,100,4,26,106
table_4_43_11,table_4_43,11,B68-312,NARDO-CALLUNETEA,CALLUNO-ULICETALIA,Ericion cinereae,Calluna vulgaris-Sieglingia decumbens,765256,NG,NG765256,176500,825600,57.266243,-5.708251,100,,180,30,100,4,21,106
table_4_43_12,table_4_43,12,B68-331,NARDO-CALLUNETEA,CALLUNO-ULICETALIA,Ericion cinereae,Calluna vulgaris-Sieglingia decumbens,598157,NG,NG598157,159800,815700,57.169062,-5.974910,300,,180,25,100,4,22,106
table_4_43_13,table_4_43,13,B68-189,NARDO-CALLUNETEA,CALLUNO-ULICETALIA,Ericion cinereae,Calluna vulgaris-Sieglingia decumbens,179561,NG,NG179561,117900,856100,57.506926,-6.711745,250,,180,5,100,4,33,106
table_4_43_14,table_4_43,14,B68-188,NARDO-CALLUNETEA,CALLUNO-ULICETALIA,Ericion cinereae,Calluna vulgaris-Sieglingia decumbens,179561,NG,NG179561,117900,856100,57.506926,-6.711745,250,,180,5,100,4,30,106
table_4_43_2,table_4_43,2,B68-182,NARDO-CALLUNETEA,CALLUNO-ULICETALIA,Ericion cinereae,Calluna vulgaris-Sieglingia decumbens,158553,NG,NG158553,115800,855300,57.498453,-6.745739,750,,270,25,100,4,39,106
table_4_43_3,table_4_43,3,B68-183,NARDO-CALLUNETEA,CALLUNO-ULICETALIA,Ericion cinereae,Calluna vulgaris-Sieglingia decumbens,158553,NG,NG158553,115800,855300,57.498453,-6.745739,800,,180,30,100,4,43,106
table_4_43_4,table_4_43,4,B68-184,NARDO-CALLUNETEA,CALLUNO-ULICETALIA,Ericion cinereae,Calluna vulgaris-Sieglingia decumbens,158553,NG,NG158553,115800,855300,57.498453,-6.745739,800,,100,20,100,4,44,106
table_4_43_5,table_4_43,5,B68-185,NARDO-CALLUNETEA,CALLUNO-ULICETALIA,Ericion cinereae,Calluna vulgaris-Sieglingia decumbens,165560,NG,NG165560,116500,856000,57.505158,-6.734913,650,,270,5,100,4,29,106
table_4_43_6,table_4_43,6,B68-186,NARDO-CALLUNETEA,CALLUNO-ULICETALIA,Ericion cinereae,Calluna vulgaris-Sieglingia decumbens,166563,NG,NG166563,116600,856300,57.507906,-6.733599,550,,270,5,100,4,29,106
table_4_43_7,table_4_43,7,B68-195,NARDO-CALLUNETEA,CALLUNO-ULICETALIA,Ericion cinereae,Calluna vulgaris-Sieglingia decumbens,234605,NG,NG234605,123400,860500,57.549710,-6.625255,200,,225,3,100,4,38,106
table_4_43_8,table_4_43,8,B68-196,NARDO-CALLUNETEA,CALLUNO-ULICETALIA,Ericion cinereae,Calluna vulgaris-Sieglingia decumbens,233605,NG,NG233605,123300,860500,57.549649,-6.626920,200,,180,5,100,4,37,106
table_4_43_9,table_4_43,9,B68-261,NARDO-CALLUNETEA,CALLUNO-ULICETALIA,Ericion cinereae,Calluna vulgaris-Sieglingia decumbens,584187,NG,NG584187,158400,818700,57.195210,-6.000913,75,,270,10,100,4,22,106
table_4_44_1,table_4_44,1,B68-005,NARDO-CALLUNETEA,CALLUNO-ULICETALIA,Myrtillion Boreale,Vaccineto-Callunetum hepaticosum,413762,NG,NG413762,141300,876200,57.700919,-6.343836,150,,45,30,90,4,46,86
table_4_44_2,table_4_44,2,B68-006,NARDO-CALLUNETEA,CALLUNO-ULICETALIA,Myrtillion Boreale,Vaccineto-Callunetum hepaticosum,414761,NG,NG414761,141400,876100,57.700081,-6.342055,150,,45,30,100,4,43,86
table_4_44_3,table_4_44,3,B68-233,NARDO-CALLUNETEA,CALLUNO-ULICETALIA,Myrtillion Boreale,Vaccineto-Callunetum hepaticosum,553215,NG,NG553215,155300,821500,57.218656,-6.054838,450,,45,45,100,4,40,86
table_4_44_4,table_4_44,4,B67-013,NARDO-CALLUNETEA,CALLUNO-ULICETALIA,Myrtillion Boreale,Vaccineto-Callunetum hepaticosum,552214,NG,NG552214,155200,821400,57.217707,-6.056391,500,,0,45,100,4,42,86
table_4_44_5,table_4_44,5,B68-120,NARDO-CALLUNETEA,CALLUNO-ULICETALIA,Myrtillion Boreale,Vaccineto-Callunetum hepaticosum,494531,NG,NG494531,149400,853100,57.498569,-6.184424,1100,,0,40,100,4,40,86
table_4_44_6,table_4_44,6,B68-121,NARDO-CALLUNETEA,CALLUNO-ULICETALIA,Myrtillion Boreale,Vaccineto-Callunetum hepaticosum,494531,NG,NG494531,149400,853100,57.498569,-6.184424,1100,,0,40,100,4,36,86
table_4_45_1,table_4_45,1,B67-106,BETULO-ADENOSTYLETEA,ADENOSTYLETALIA,Dryoptero-Calamagrostidion purpurae,Luzula sylvatica-Vaccinium myrtillus,603078,NG,NG603078,160300,807800,57.098527,-5.959085,250,,0,5,100,2,41,75
table_4_45_2,table_4_45,2,B67-034,BETULO-ADENOSTYLETEA,ADENOSTYLETALIA,Dryoptero-Calamagrostidion purpurae,Luzula sylvatica-Vaccinium myrtillus,334298,NG,NG334298,133400,829800,57.280776,-6.425328,800,,0,10,100,4,33,75
table_4_45_3,table_4_45,3,B68-122,BETULO-ADENOSTYLETEA,ADENOSTYLETALIA,Dryoptero-Calamagrostidion purpurae,Luzula sylvatica-Vaccinium myrtillus,494531,NG,NG494531,149400,853100,57.498569,-6.184424,1100,,0,15,100,4,34,75
table_4_45_4,table_4_45,4,B67-057,BETULO-ADENOSTYLETEA,ADENOSTYLETALIA,Dryoptero-Calamagrostidion purpurae,Luzula sylvatica-Vaccinium myrtillus,455246,NG,NG455246,145500,824600,57.241089,-6.219849,1800,,0,30,100,4,16,75
table_4_45_5,table_4_45,5,B68-240,BETULO-ADENOSTYLETEA,ADENOSTYLETALIA,Dryoptero-Calamagrostidion purpurae,Luzula sylvatica-Vaccinium myrtillus,535211,NG,NG535211,153500,821100,57.214107,-6.084170,1700,,0,40,100,4,26,75
table_4_46_1,table_4_46,1,B68-003,BETULO-ADENOSTYLETEA,ADENOSTYLETALIA,Mulgedion alpini,Luzula sylvatica-Silene dioica,410762,NG,NG410762,141000,876200,57.700747,-6.348855,100,,315,40,80,4,27,105
table_4_46_2,table_4_46,2,B68-151,BETULO-ADENOSTYLETEA,ADENOSTYLETALIA,Mulgedion alpini,Luzula sylvatica-Silene dioica,153507,NG,NG153507,115300,850700,57.456962,-6.748695,50,,0,5,100,4,24,105
table_4_46_3,table_4_46,3,B68-150,BETULO-ADENOSTYLETEA,ADENOSTYLETALIA,Mulgedion alpini,Luzula sylvatica-Silene dioica,153507,NG,NG153507,115300,850700,57.456962,-6.748695,50,,0,10,100,4,24,105
table_4_46_4,table_4_46,4,B68-039,BETULO-ADENOSTYLETEA,ADENOSTYLETALIA,Mulgedion alpini,Luzula sylvatica-Silene dioica,368707,NG,NG368707,136800,870700,57.649053,-6.413112,75,,0,30,100,4,35,105
table_4_46_5,table_4_46,5,B68-326A,BETULO-ADENOSTYLETEA,ADENOSTYLETALIA,Mulgedion alpini,Luzula sylvatica-Silene dioica,522155,NG,NG522155,152200,815500,57.163230,-6.100066,400,,315,10,100,4,34,105
table_4_46_6,table_4_46,6,B67-109,BETULO-ADENOSTYLETEA,ADENOSTYLETALIA,Mulgedion alpini,Luzula sylvatica-Silene dioica,236553,NG,NG236553,123600,855300,57.503276,-6.616025,150,,0,10,100,4,43,105
table_4_46_7,table_4_46,7,B68-187,BETULO-ADENOSTYLETEA,ADENOSTYLETALIA,Mulgedion alpini,Luzula sylvatica-Silene dioica,176559,NG,NG176559,117600,855900,57.504949,-6.716503,350,,0,60,100,4,31,105
table_4_47_1,table_4_47,1,B67-029,BETULO-ADENOSTYLETEA,ADENOSTYLETALIA,Mulgedion alpini,Betula pubescens-Cirsium heterophyllum / Sedum rosea-Alchemilla glabra,370330,NG,NG370330,137000,833000,57.311523,-6.369195,100,,45,10,100,16,41,194
table_4_47_10,table_4_47,10,B67-118,BETULO-ADENOSTYLETEA,ADENOSTYLETALIA,Mulgedion alpini,Betula pubescens-Cirsium heterophyllum / Sedum rosea-Alchemilla glabra,517406,NG,NG517406,151700,840600,57.387846,-6.133478,800,,90,5,100,4,56,194
table_4_47_11,table_4_47,11,B68-235,BETULO-ADENOSTYLETEA,ADENOSTYLETALIA,Mulgedion alpini,Betula pubescens-Cirsium heterophyllum / Sedum rosea-Alchemilla glabra,542215,NG,NG542215,154200,821500,57.218067,-6.073006,1200,,315,10,100,4,69,194
table_4_47_12,table_4_47,12,B68-110,BETULO-ADENOSTYLETEA,ADENOSTYLETALIA,Mulgedion alpini,Betula pubescens-Cirsium heterophyllum / Sedum rosea-Alchemilla glabra,442708,NG,NG442708,144200,870800,57.654210,-6.289590,1300,,45,15,100,4,47,194
table_4_47_13,table_4_47,13,B68-085,BETULO-ADENOSTYLETEA,ADENOSTYLETALIA,Mulgedion alpini,Betula pubescens-Cirsium heterophyllum / Sedum rosea-Alchemilla glabra,485550,NG,NG485550,148500,855000,57.515092,-6.201359,1450,,90,5,100,4,44,194
table_4_47_14,table_4_47,14,B67-135,BETULO-ADENOSTYLETEA,ADENOSTYLETALIA,Mulgedion alpini,Betula pubescens-Cirsium heterophyllum / Sedum rosea-Alchemilla glabra,450608,NG,NG450608,145000,860800,57.565089,-6.265698,1500,,315,10,100,4,26,194
table_4_47_2,table_4_47,2,B68-096,BETULO-ADENOSTYLETEA,ADENOSTYLETALIA,Mulgedion alpini,Betula pubescens-Cirsium heterophyllum / Sedum rosea-Alchemilla glabra,381609,NG,NG381609,138100,860900,57.562042,-6.380805,50,,45,5,100,4,44,194
table_4_47_3,table_4_47,3,B67-077,BETULO-ADENOSTYLETEA,ADENOSTYLETALIA,Mulgedion alpini,Betula pubescens-Cirsium heterophyllum / Sedum rosea-Alchemilla glabra,567201,NG,NG567201,156700,820100,57.206857,-6.030344,100,,90,5,100,16,46,194
table_4_47_4,table_4_47,4,B67-003,BETULO-ADENOSTYLETEA,ADENOSTYLETALIA,Mulgedion alpini,Betula pubescens-Cirsium heterophyllum / Sedum rosea-Alchemilla glabra,611211,NG,NG611211,161100,821100,57.218132,-5.958646,150,,45,5,100,4,43,194
table_4_47_5,table_4_47,5,B67-104,BETULO-ADENOSTYLETEA,ADENOSTYLETALIA,Mulgedion alpini,Betula pubescens-Cirsium heterophyllum / Sedum rosea-Alchemilla glabra,603077,NG,NG603077,160300,807700,57.097631,-5.958990,200,,45,20,100,16,35,194
table_4_47_6,table_4_47,6,B68-061,BETULO-ADENOSTYLETEA,ADENOSTYLETALIA,Mulgedion alpini,Betula pubescens-Cirsium heterophyllum / Sedum rosea-Alchemilla glabra,406322,NG,NG406322,140600,832200,57.306416,-6.308765,300,,90,45,100,8,41,194
table_4_47_7,table_4_47,7,B67-108,BETULO-ADENOSTYLETEA,ADENOSTYLETALIA,Mulgedion alpini,Betula pubescens-Cirsium heterophyllum / Sedum rosea-Alchemilla glabra,373363,NG,NG373363,137300,836300,57.341252,-6.367741,300,,90,30,100,8,32,194
table_4_47_8,table_4_47,8,B67-102,BETULO-ADENOSTYLETEA,ADENOSTYLETALIA,Mulgedion alpini,Betula pubescens-Cirsium heterophyllum / Sedum rosea-Alchemilla glabra,552214,NG,NG552214,155200,821400,57.217707,-6.056391,600,,0,0,100,4,50,194
table_4_47_9,table_4_47,9,B67-104b,BETULO-ADENOSTYLETEA,ADENOSTYLETALIA,Mulgedion alpini,Betula pubescens-Cirsium heterophyllum / Sedum rosea-Alchemilla glabra,547216,NG,NG547216,154700,821600,57.219231,-6.064846,650,,0,5,100,4,57,194
table_4_48_1,table_4_48,1,B68-099,ALNETEA GLUTINOSAE,ALNETALIA GLUTINOSAE,Alnion glutinosae,Alnus glutinosa woods,490674,NG,NG490674,149000,867400,57.626452,-6.205849,150,,0,10,100,4,29,29
table_4_48_2,table_4_48,2,B68-101,ALNETEA GLUTINOSAE,ALNETALIA GLUTINOSAE,Alnion glutinosae,Epiphytic bryophytes and lichens in Alnus glutinosa woods,490674,NG,NG490674,149000,867400,57.626452,-6.205849,150,,0,10,100,4,14,17
table_4_48_3,table_4_48,3,B68-102,ALNETEA GLUTINOSAE,ALNETALIA GLUTINOSAE,Alnion glutinosae,Epiphytic bryophytes and lichens in Alnus glutinosa woods,490674,NG,NG490674,149000,867400,57.626452,-6.205849,150,,0,10,100,4,13,17
table_4_49_1,table_4_49,1,B68-317,QUERCETEA ROBORI-PETRAEAE,QUERCETALIA ROBORI-PETRAEAE,Quercion robori-petraeae,Betula pubescens-Vaccinium myrtillus / Corylus avellana-Oxalis acetosella,750250,NG,NG750250,175000,825000,57.260129,-5.732523,100,,0,20,100,10,10,
table_4_49_10,table_4_49,10,B67-041,QUERCETEA ROBORI-PETRAEAE,QUERCETALIA ROBORI-PETRAEAE,Quercion robori-petraeae,Betula pubescens-Vaccinium myrtillus / Corylus avellana-Oxalis acetosella,641145,NG,NG641145,164100,814500,57.160537,-5.902836,50,,45,30,100,10,35,
table_4_49_11,table_4_49,11,B67-078,QUERCETEA ROBORI-PETRAEAE,QUERCETALIA ROBORI-PETRAEAE,Quercion robori-petraeae,Betula pubescens-Vaccinium myrtillus / Corylus avellana-Oxalis acetosella,678201,NG,NG678201,167800,820100,57.212615,-5.847026,200,,45,30,100,10,30,
table_4_49_12,table_4_49,12,B68-320,QUERCETEA ROBORI-PETRAEAE,QUERCETALIA ROBORI-PETRAEAE,Quercion robori-petraeae,Betula pubescens-Vaccinium myrtillus / Corylus avellana-Oxalis acetosella,320251,NG,NG320251,132000,825100,57.237865,-6.443398,150,,0,25,100,10,25,
table_4_49_13,table_4_49,13,B68-137,QUERCETEA ROBORI-PETRAEAE,QUERCETALIA ROBORI-PETRAEAE,Quercion robori-petraeae,Betula pubescens-Vaccinium myrtillus / Corylus avellana-Oxalis acetosella,137519,NG,NG137519,113700,851900,57.466698,-6.776672,200,,45,20,100,10,80,
table_4_49_2,table_4_49,2,B67-097,QUERCETEA ROBORI-PETRAEAE,QUERCETALIA ROBORI-PETRAEAE,Quercion robori-petraeae,Betula pubescens-Vaccinium myrtillus / Corylus avellana-Oxalis acetosella,625126,NG,NG625126,162500,812600,57.142685,-5.927418,200,,180,20,100,10,16,
table_4_49_3,table_4_49,3,B67-040,QUERCETEA ROBORI-PETRAEAE,QUERCETALIA ROBORI-PETRAEAE,Quercion robori-petraeae,Betula pubescens-Vaccinium myrtillus / Corylus avellana-Oxalis acetosella,700133,NG,NG700133,170000,813300,57.152775,-5.804407,100,,315,5,100,10,18,
table_4_49_4,table_4_49,4,B67-096,QUERCETEA ROBORI-PETRAEAE,QUERCETALIA ROBORI-PETRAEAE,Quercion robori-petraeae,Betula pubescens-Vaccinium myrtillus / Corylus avellana-Oxalis acetosella,640121,NG,NG640121,164000,812100,57.138977,-5.902217,200,,0,10,100,10,17,
table_4_49_5,table_4_49,5,B67-100,QUERCETEA ROBORI-PETRAEAE,QUERCETALIA ROBORI-PETRAEAE,Quercion robori-petraeae,Betula pubescens-Vaccinium myrtillus / Corylus avellana-Oxalis acetosella,598199,NG,NG598199,159800,819900,57.206699,-5.978961,200,,315,10,100,10,17,
table_4_49_6,table_4_49,6,B67-120,QUERCETEA ROBORI-PETRAEAE,QUERCETALIA ROBORI-PETRAEAE,Quercion robori-petraeae,Betula pubescens-Vaccinium myrtillus / Corylus avellana-Oxalis acetosella,612123,NG,NG612123,161200,812300,57.139323,-5.948562,200,,315,15,100,10,10,
table_4_49_7,table_4_49,7,B67-098,QUERCETEA ROBORI-PETRAEAE,QUERCETALIA ROBORI-PETRAEAE,Quercion robori-petraeae,Betula pubescens-Vaccinium myrtillus / Corylus avellana-Oxalis acetosella,613118,NG,NG613118,161300,811800,57.134894,-5.946436,250,,270,10,100,10,10,
table_4_49_8,table_4_49,8,B67-101,QUERCETEA ROBORI-PETRAEAE,QUERCETALIA ROBORI-PETRAEAE,Quercion robori-petraeae,Betula pubescens-Vaccinium myrtillus / Corylus avellana-Oxalis acetosella,602198,NG,NG602198,160200,819800,57.206013,-5.972259,200,,0,15,100,10,18,
table_4_49_9,table_4_49,9,B67-105,QUERCETEA ROBORI-PETRAEAE,QUERCETALIA ROBORI-PETRAEAE,Quercion robori-petraeae,Betula pubescens-Vaccinium myrtillus / Corylus avellana-Oxalis acetosella,603081,NG,NG603081,160300,808100,57.101216,-5.959372,100,,0,35,100,10,15,
table_4_4_1,table_4_4,1,B68-152,ASPLENIETEA RUPESTRIS,POTENTILLETALIA CAULESCENTIS,Potentillion caulescentis,Asplenium trichomanes-Fissidens cristatus,272531,NG,NG272531,127200,853100,57.485757,-6.553684,50,,90,90,100,0.5,11,86
table_4_4_10,table_4_4,10,B68-301,ASPLENIETEA RUPESTRIS,POTENTILLETALIA CAULESCENTIS,Potentillion caulescentis,Asplenium trichomanes-Fissidens cristatus,615120,NG,NG615120,161500,812000,57.136790,-5.943330,300,,0,80,100,1,15,86
table_4_4_11,table_4_4,11,B68-231,ASPLENIETEA RUPESTRIS,POTENTILLETALIA CAULESCENTIS,Potentillion caulescentis,Asplenium trichomanes-Fissidens cristatus,558217,NG,NG558217,155800,821700,57.220715,-6.046776,120,,0,90,100,2,22,86
table_4_4_12,table_4_4,12,B68-230,ASPLENIETEA RUPESTRIS,POTENTILLETALIA CAULESCENTIS,Potentillion caulescentis,Asplenium trichomanes-Fissidens cristatus,560217,NG,NG560217,156000,821700,57.220821,-6.043472,100,,315,90,100,2,15,86
table_4_4_13,table_4_4,13,B68-236,ASPLENIETEA RUPESTRIS,POTENTILLETALIA CAULESCENTIS,Potentillion caulescentis,Asplenium trichomanes-Fissidens cristatus,539216,NG,NG539216,153900,821600,57.218802,-6.078059,1500,,315,80,100,2,22,86
table_4_4_14,table_4_4,14,B68-238,ASPLENIETEA RUPESTRIS,POTENTILLETALIA CAULESCENTIS,Potentillion caulescentis,Asplenium trichomanes-Fissidens cristatus,537213,NG,NG537213,153700,821300,57.216007,-6.081065,1600,,,75,100,2,24,86
table_4_4_2,table_4_4,2,B68-191,ASPLENIETEA RUPESTRIS,POTENTILLETALIA CAULESCENTIS,Potentillion caulescentis,Asplenium trichomanes-Fissidens cristatus,317507,NG,NG317507,131700,850700,57.466949,-6.476225,200,,45,75,80,2,15,86
table_4_4_3,table_4_4,3,B68-207,ASPLENIETEA RUPESTRIS,POTENTILLETALIA CAULESCENTIS,Potentillion caulescentis,Asplenium trichomanes-Fissidens cristatus,377364,NG,NG377364,137700,836400,57.342378,-6.361221,300,,45,80,80,4,12,86
table_4_4_4,table_4_4,4,B68-208,ASPLENIETEA RUPESTRIS,POTENTILLETALIA CAULESCENTIS,Potentillion caulescentis,Asplenium trichomanes-Fissidens cristatus,377364,NG,NG377364,137700,836400,57.342378,-6.361221,300,,90,90,100,4,21,86
table_4_4_5,table_4_4,5,B68-159,ASPLENIETEA RUPESTRIS,POTENTILLETALIA CAULESCENTIS,Potentillion caulescentis,Asplenium trichomanes-Fissidens cristatus,504444,NG,NG504444,150400,844400,57.421179,-6.158908,150,,180,90,50,2,8,86
table_4_4_6,table_4_4,6,B68-154,ASPLENIETEA RUPESTRIS,POTENTILLETALIA CAULESCENTIS,Potentillion caulescentis,Asplenium trichomanes-Fissidens cristatus,154446,NG,NG154446,115400,844600,57.402419,-6.739955,250,,90,50,50,4,18,86
table_4_4_7,table_4_4,7,B68-217,ASPLENIETEA RUPESTRIS,POTENTILLETALIA CAULESCENTIS,Potentillion caulescentis,Asplenium trichomanes-Fissidens cristatus,584187,NG,NG584187,158400,818700,57.195210,-6.000913,75,,270,80,100,2,15,86
table_4_4_8,table_4_4,8,B68-304,ASPLENIETEA RUPESTRIS,POTENTILLETALIA CAULESCENTIS,Potentillion caulescentis,Asplenium trichomanes-Fissidens cristatus,618195,NG,NG618195,161800,819500,57.204158,-5.945551,100,,315,80,100,1,21,86
table_4_4_9,table_4_4,9,B68-257,ASPLENIETEA RUPESTRIS,POTENTILLETALIA CAULESCENTIS,Potentillion caulescentis,Asplenium trichomanes-Fissidens cristatus,611200,NG,NG611200,161100,820000,57.208275,-5.957589,75,,90,75,100,2,16,86
table_4_50_1,table_4_50,1,B68-218,QUERCETEA ROBORI-PETRAEAE,QUERCETALIA ROBORI-PETRAEAE,Quercion robori-petraeae,Oxalis acetosella-Rhytidiadelphus loreus,596267,NG,NG596267,159600,826700,57.267530,-5.988848,100,,,0,100,1,,52
table_4_50_10,table_4_50,10,B68-269,QUERCETEA ROBORI-PETRAEAE,QUERCETALIA ROBORI-PETRAEAE,Quercion robori-petraeae,Oxalis acetosella-Rhytidiadelphus loreus,707157,NG,NG707157,170700,815700,57.174637,-5.795068,100,,225,5,100,1,,52
table_4_50_11,table_4_50,11,B68-313,QUERCETEA ROBORI-PETRAEAE,QUERCETALIA ROBORI-PETRAEAE,Quercion robori-petraeae,Oxalis acetosella-Rhytidiadelphus loreus,750250,NG,NG750250,175000,825000,57.260129,-5.732523,100,,0,5,100,1,,52
table_4_50_12,table_4_50,12,B68-281,QUERCETEA ROBORI-PETRAEAE,QUERCETALIA ROBORI-PETRAEAE,Quercion robori-petraeae,Oxalis acetosella-Rhytidiadelphus loreus,703145,NG,NG703145,170300,814500,57.163681,-5.800563,45,,45,10,100,1,,52
table_4_50_13,table_4_50,13,B68-283,QUERCETEA ROBORI-PETRAEAE,QUERCETALIA ROBORI-PETRAEAE,Quercion robori-petraeae,Oxalis acetosella-Rhytidiadelphus loreus,703145,NG,NG703145,170300,814500,57.163681,-5.800563,45,,45,5,100,1,,52
table_4_50_14,table_4_50,14,B68-298,QUERCETEA ROBORI-PETRAEAE,QUERCETALIA ROBORI-PETRAEAE,Quercion robori-petraeae,Oxalis acetosella-Rhytidiadelphus loreus,612131,NG,NG612131,161200,813100,57.146492,-5.949327,200,,20,,100,1,,52
table_4_50_2,table_4_50,2,B68-264,QUERCETEA ROBORI-PETRAEAE,QUERCETALIA ROBORI-PETRAEAE,Quercion robori-petraeae,Oxalis acetosella-Rhytidiadelphus loreus,707157,NG,NG707157,170700,815700,57.174637,-5.795068,100,,225,5,100,1,,52
table_4_50_3,table_4_50,3,B68-266,QUERCETEA ROBORI-PETRAEAE,QUERCETALIA ROBORI-PETRAEAE,Quercion robori-petraeae,Oxalis acetosella-Rhytidiadelphus loreus,707157,NG,NG707157,170700,815700,57.174637,-5.795068,100,,225,5,100,1,,52
table_4_50_4,table_4_50,4,B68-267,QUERCETEA ROBORI-PETRAEAE,QUERCETALIA ROBORI-PETRAEAE,Quercion robori-petraeae,Oxalis acetosella-Rhytidiadelphus loreus,707157,NG,NG707157,170700,815700,57.174637,-5.795068,100,,225,3,100,1,,52
table_4_50_5,table_4_50,5,B68-300,QUERCETEA ROBORI-PETRAEAE,QUERCETALIA ROBORI-PETRAEAE,Quercion robori-petraeae,Oxalis acetosella-Rhytidiadelphus loreus,612121,NG,NG612121,161200,812100,57.137530,-5.948371,200,,0,5,100,1,,52
table_4_50_6,table_4_50,6,B68-314,QUERCETEA ROBORI-PETRAEAE,QUERCETALIA ROBORI-PETRAEAE,Quercion robori-petraeae,Oxalis acetosella-Rhytidiadelphus loreus,750250,NG,NG750250,175000,825000,57.260129,-5.732523,100,,0,5,100,1,,52
table_4_50_7,table_4_50,7,B68-319,QUERCETEA ROBORI-PETRAEAE,QUERCETALIA ROBORI-PETRAEAE,Quercion robori-petraeae,Oxalis acetosella-Rhytidiadelphus loreus,756251,NG,NG756251,175600,825100,57.261321,-5.722688,100,,45,5,100,1,,52
table_4_50_8,table_4_50,8,B68-138,QUERCETEA ROBORI-PETRAEAE,QUERCETALIA ROBORI-PETRAEAE,Quercion robori-petraeae,Oxalis acetosella-Rhytidiadelphus loreus,413519,NG,NG413519,141300,851900,57.483271,-6.317919,50,,45,5,0.5,0.5,,52
table_4_50_9,table_4_50,9,B68-221,QUERCETEA ROBORI-PETRAEAE,QUERCETALIA ROBORI-PETRAEAE,Quercion robori-petraeae,Oxalis acetosella-Rhytidiadelphus loreus,596267,NG,NG596267,159600,826700,57.267530,-5.988848,100,,0,5,1,1,,52
table_4_51_1,table_4_51,1,B68-139,QUERCETEA ROBORI-PETRAEAE,QUERCETALIA ROBORI-PETRAEAE,Quercion robori-petraeae,Hymenophyllum wilsonii-Isothecium myosuroides,413510,NG,NG413510,141300,851000,57.475210,-6.316966,200,,45,80,100,1,14,45
table_4_51_10,table_4_51,10,B68-297,QUERCETEA ROBORI-PETRAEAE,QUERCETALIA ROBORI-PETRAEAE,Quercion robori-petraeae,Hymenophyllum wilsonii-Isothecium myosuroides,612121,NG,NG612121,161200,812100,57.137530,-5.948371,100,,0,80,100,1,16,45
table_4_51_11,table_4_51,11,B68-315,QUERCETEA ROBORI-PETRAEAE,QUERCETALIA ROBORI-PETRAEAE,Quercion robori-petraeae,Hymenophyllum wilsonii-Isothecium myosuroides,750250,NG,NG750250,175000,825000,57.260129,-5.732523,100,,0,80,100,1,11,45
table_4_51_12,table_4_51,12,B68-220,QUERCETEA ROBORI-PETRAEAE,QUERCETALIA ROBORI-PETRAEAE,Quercion robori-petraeae,Hymenophyllum wilsonii-Isothecium myosuroides,596267,NG,NG596267,159600,826700,57.267530,-5.988848,100,,0,50,100,1,12,45
table_4_51_13,table_4_51,13,B68-222,QUERCETEA ROBORI-PETRAEAE,QUERCETALIA ROBORI-PETRAEAE,Quercion robori-petraeae,Hymenophyllum wilsonii-Isothecium myosuroides,596267,NG,NG596267,159600,826700,57.267530,-5.988848,100,,0,45,100,1,17,45
table_4_51_2,table_4_51,2,B68-268,QUERCETEA ROBORI-PETRAEAE,QUERCETALIA ROBORI-PETRAEAE,Quercion robori-petraeae,Hymenophyllum wilsonii-Isothecium myosuroides,707157,NG,NG707157,170700,815700,57.174637,-5.795068,100,,225,70,100,1,13,45
table_4_51_3,table_4_51,3,B68-276,QUERCETEA ROBORI-PETRAEAE,QUERCETALIA ROBORI-PETRAEAE,Quercion robori-petraeae,Hymenophyllum wilsonii-Isothecium myosuroides,707157,NG,NG707157,170700,815700,57.174637,-5.795068,100,,225,70,100,1,12,45
table_4_51_4,table_4_51,4,B68-270,QUERCETEA ROBORI-PETRAEAE,QUERCETALIA ROBORI-PETRAEAE,Quercion robori-petraeae,Hymenophyllum wilsonii-Isothecium myosuroides,707157,NG,NG707157,170700,815700,57.174637,-5.795068,100,,225,80,100,1,12,45
table_4_51_5,table_4_51,5,B68-272,QUERCETEA ROBORI-PETRAEAE,QUERCETALIA ROBORI-PETRAEAE,Quercion robori-petraeae,Hymenophyllum wilsonii-Isothecium myosuroides,707157,NG,NG707157,170700,815700,57.174637,-5.795068,100,,225,60,100,1,16,45
table_4_51_6,table_4_51,6,B68-299,QUERCETEA ROBORI-PETRAEAE,QUERCETALIA ROBORI-PETRAEAE,Quercion robori-petraeae,Hymenophyllum wilsonii-Isothecium myosuroides,612121,NG,NG612121,161200,812100,57.137530,-5.948371,200,,0,70,100,1,11,45
table_4_51_7,table_4_51,7,B68-316,QUERCETEA ROBORI-PETRAEAE,QUERCETALIA ROBORI-PETRAEAE,Quercion robori-petraeae,Hymenophyllum wilsonii-Isothecium myosuroides,750250,NG,NG750250,175000,825000,57.260129,-5.732523,100,,0,80,100,1,9,45
table_4_51_8,table_4_51,8,B68-282,QUERCETEA ROBORI-PETRAEAE,QUERCETALIA ROBORI-PETRAEAE,Quercion robori-petraeae,Hymenophyllum wilsonii-Isothecium myosuroides,703145,NG,NG703145,170300,814500,57.163681,-5.800563,100,,45,90,100,1,16,45
table_4_51_9,table_4_51,9,B68-280,QUERCETEA ROBORI-PETRAEAE,QUERCETALIA ROBORI-PETRAEAE,Quercion robori-petraeae,Hymenophyllum wilsonii-Isothecium myosuroides,703145,NG,NG703145,170300,814500,57.163681,-5.800563,100,,45,70,100,1,7,45
table_4_52_1,table_4_52,1,B68-219,QUERCETEA ROBORI-PETRAEAE,QUERCETALIA ROBORI-PETRAEAE,Quercion robori-petraeae,Open Boulder Association,596267,NG,NG596267,159600,826700,57.267530,-5.988848,100,,315,70,100,1,11,29
table_4_52_2,table_4_52,2,B68-271,QUERCETEA ROBORI-PETRAEAE,QUERCETALIA ROBORI-PETRAEAE,Quercion robori-petraeae,Open Boulder Association,707157,NG,NG707157,170700,815700,57.174637,-5.795068,100,,225,60,100,1,12,29
table_4_52_3,table_4_52,3,B68-273,QUERCETEA ROBORI-PETRAEAE,QUERCETALIA ROBORI-PETRAEAE,Quercion robori-petraeae,Open Boulder Association,707157,NG,NG707157,170700,815700,57.174637,-5.795068,100,,225,80,100,1,12,29
table_4_52_4,table_4_52,4,B68-274,QUERCETEA ROBORI-PETRAEAE,QUERCETALIA ROBORI-PETRAEAE,Quercion robori-petraeae,Open Boulder Association,707157,NG,NG707157,170700,815700,57.174637,-5.795068,100,,225,75,100,1,14,29
table_4_52_5,table_4_52,5,B68-275,QUERCETEA ROBORI-PETRAEAE,QUERCETALIA ROBORI-PETRAEAE,Quercion robori-petraeae,Open Boulder Association,707157,NG,NG707157,170700,815700,57.174637,-5.795068,100,,225,80,100,1,14,29
table_4_52_6,table_4_52,6,B68-279,QUERCETEA ROBORI-PETRAEAE,QUERCETALIA ROBORI-PETRAEAE,Quercion robori-petraeae,Open Boulder Association,703145,NG,NG703145,170300,814500,57.163681,-5.800563,50,,45,60,100,0.5,11,29
table_4_53_1,table_4_53,1,B68-317,,,,Epiphytic bryophytes and lichens in the Betula-Vaccinium myrtillus and Corylus-Oxalis acetosella Associations,750250,NG,NG750250,175000,825000,57.260129,-5.732523,100,,0,20,,,24,60
table_4_53_10,table_4_53,10,B67-041,,,,Epiphytic bryophytes and lichens in the Betula-Vaccinium myrtillus and Corylus-Oxalis acetosella Associations,641145,NG,NG641145,164100,814500,57.160537,-5.902836,50,,45,30,,,31,60
table_4_53_11,table_4_53,11,B67-078,,,,Epiphytic bryophytes and lichens in the Betula-Vaccinium myrtillus and Corylus-Oxalis acetosella Associations,678201,NG,NG678201,167800,820100,57.212615,-5.847026,200,,45,30,,,19,60
table_4_53_12,table_4_53,12,B68-320,,,,Epiphytic bryophytes and lichens in the Betula-Vaccinium myrtillus and Corylus-Oxalis acetosella Associations,320251,NG,NG320251,132000,825100,57.237865,-6.443398,150,,0,25,,,28,60
table_4_53_13,table_4_53,13,B68-137,,,,Epiphytic bryophytes and lichens in the Betula-Vaccinium myrtillus and Corylus-Oxalis acetosella Associations,137519,NG,NG137519,113700,851900,57.466698,-6.776672,200,,45,20,,,21,60
table_4_53_2,table_4_53,2,B67-097,,,,Epiphytic bryophytes and lichens in the Betula-Vaccinium myrtillus and Corylus-Oxalis acetosella Associations,625126,NG,NG625126,162500,812600,57.142685,-5.927418,200,,180,20,100,4,14,60
table_4_53_3,table_4_53,3,B67-040,,,,Epiphytic bryophytes and lichens in the Betula-Vaccinium myrtillus and Corylus-Oxalis acetosella Associations,700133,NG,NG700133,170000,813300,57.152775,-5.804407,100,,315,5,,,29,60
table_4_53_4,table_4_53,4,B67-096,,,,Epiphytic bryophytes and lichens in the Betula-Vaccinium myrtillus and Corylus-Oxalis acetosella Associations,640121,NG,NG640121,164000,812100,57.138977,-5.902217,200,,0,10,100,4,27,60
table_4_53_5,table_4_53,5,B67-100,,,,Epiphytic bryophytes and lichens in the Betula-Vaccinium myrtillus and Corylus-Oxalis acetosella Associations,598199,NG,NG598199,159800,819900,57.206699,-5.978961,200,,315,10,,,11,60
table_4_53_6,table_4_53,6,B67-120,,,,Epiphytic bryophytes and lichens in the Betula-Vaccinium myrtillus and Corylus-Oxalis acetosella Associations,612123,NG,NG612123,161200,812300,57.139323,-5.948562,200,,315,15,,,18,60
table_4_53_7,table_4_53,7,B67-098,,,,Epiphytic bryophytes and lichens in the Betula-Vaccinium myrtillus and Corylus-Oxalis acetosella Associations,613118,NG,NG613118,161300,811800,57.134894,-5.946436,250,,270,10,,,36,60
table_4_53_8,table_4_53,8,B67-101,,,,Epiphytic bryophytes and lichens in the Betula-Vaccinium myrtillus and Corylus-Oxalis acetosella Associations,602198,NG,NG602198,160200,819800,57.206013,-5.972259,200,,0,15,,,22,60
table_4_53_9,table_4_53,9,B67-105,,,,Epiphytic bryophytes and lichens in the Betula-Vaccinium myrtillus and Corylus-Oxalis acetosella Associations,603081,NG,NG603081,160300,808100,57.101216,-5.959372,100,,0,35,,,22,60
table_4_54_1,table_4_54,1,B68-317,,,,Bryophytes of decaying logs in the Betula-Vaccinium myrtillus Association,750250,NG,NG750250,175000,825000,57.260129,-5.732523,100,,0,20,,,21,22
table_4_54_10,table_4_54,10,B67-041,,,,Bryophytes of decaying logs in the Corylus-Oxalis acetosella Association,641145,NG,NG641145,164100,814500,57.160537,-5.902836,50,,45,30,,,11,22
table_4_54_11,table_4_54,11,B67-078,,,,Bryophytes of decaying logs in the Corylus-Oxalis acetosella Association,678201,NG,NG678201,167800,820100,57.212615,-5.847026,200,,45,30,,,11,22
table_4_54_12,table_4_54,12,B68-320,,,,Bryophytes of decaying logs in the Corylus-Oxalis acetosella Association,320251,NG,NG320251,132000,825100,57.237865,-6.443398,150,,0,25,,,13,22
table_4_54_2,table_4_54,2,B67-097,,,,Bryophytes of decaying logs in the Betula-Vaccinium myrtillus Association,625126,NG,NG625126,162500,812600,57.142685,-5.927418,200,,180,20,100,4,7,22
table_4_54_3,table_4_54,3,B67-040,,,,Bryophytes of decaying logs in the Betula-Vaccinium myrtillus Association,700133,NG,NG700133,170000,813300,57.152775,-5.804407,100,,315,5,,,16,22
table_4_54_4,table_4_54,4,B67-096,,,,Bryophytes of decaying logs in the Betula-Vaccinium myrtillus Association,640121,NG,NG640121,164000,812100,57.138977,-5.902217,200,,0,10,100,4,10,22
table_4_54_5,table_4_54,5,B67-100,,,,Bryophytes of decaying logs in the Betula-Vaccinium myrtillus Association,598199,NG,NG598199,159800,819900,57.206699,-5.978961,200,,315,10,,,11,22
table_4_54_6,table_4_54,6,B67-120,,,,Bryophytes of decaying logs in the Betula-Vaccinium myrtillus Association,612123,NG,NG612123,161200,812300,57.139323,-5.948562,200,,315,15,,,20,22
table_4_54_7,table_4_54,7,B67-098,,,,Bryophytes of decaying logs in the Corylus-Oxalis acetosella Association,613118,NG,NG613118,161300,811800,57.134894,-5.946436,250,,270,10,,,18,22
table_4_54_8,table_4_54,8,B67-101,,,,Bryophytes of decaying logs in the Corylus-Oxalis acetosella Association,602198,NG,NG602198,160200,819800,57.206013,-5.972259,200,,0,15,,,8,22
table_4_54_9,table_4_54,9,B67-105,,,,Bryophytes of decaying logs in the Corylus-Oxalis acetosella Association,603081,NG,NG603081,160300,808100,57.101216,-5.959372,100,,0,35,,,15,22
table_4_55_1,table_4_55,1,B68-095,QUERCO-FAGETEA,FAGETALIA SYLVATICAE,Fagion sylvaticae,Fraxinus excelsior-Brachypodium sylvaticum,393643,NG,NG393643,139300,864300,57.593187,-6.364458,100,,315,5,100,16,40,95
table_4_55_2,table_4_55,2,B67-099,QUERCO-FAGETEA,FAGETALIA SYLVATICAE,Fagion sylvaticae,Fraxinus excelsior-Brachypodium sylvaticum,613118,NG,NG613118,161300,811800,57.134894,-5.946436,300,,315,10,100,16,44,95
table_4_55_3,table_4_55,3,B67-002,QUERCO-FAGETEA,FAGETALIA SYLVATICAE,Fagion sylvaticae,Fraxinus excelsior-Brachypodium sylvaticum,609211,NG,NG609211,160900,821100,57.218028,-5.961950,100,,0,5,100,16,40,95
table_4_55_4,table_4_55,4,B67-103,QUERCO-FAGETEA,FAGETALIA SYLVATICAE,Fagion sylvaticae,Fraxinus excelsior-Brachypodium sylvaticum,607202,NG,NG607202,160700,820200,57.209858,-5.964387,100,,0,3,100,16,44,95
table_4_55_5,table_4_55,5,B68-330,QUERCO-FAGETEA,FAGETALIA SYLVATICAE,Fagion sylvaticae,Fraxinus excelsior-Brachypodium sylvaticum,575200,NG,NG575200,157500,820000,57.206384,-6.017036,100,,315,5,100,4,44,95
table_4_56_1,table_4_56,1,B68-263,,,,Limestone pavement communities,5818,NG,NG5818,158000,818000,57.188727,-6.006836,100,,270,5,,50,69,129
table_4_56_2,table_4_56,2,B68-302,,,,Limestone pavement communities,6112,NG,NG6112,161000,812000,57.136530,-5.951572,300,,270,5,,30,52,129
table_4_56_3,table_4_56,3,B68-329,,,,Limestone pavement communities,5720,NG,NG5720,157000,820000,57.206120,-6.025292,100,,225,5,,200,85,129
table_4_56_4,table_4_56,4,B68-303,,,,Limestone pavement communities,6119,NG,NG6119,161000,819000,57.199261,-5.958280,500,,315,10,,200,95,129
table_4_56_5,table_4_56,5,B68-304,,,,Limestone pavement communities,6119,NG,NG6119,161000,819000,57.199261,-5.958280,500,,315,10,,50,63,129
table_4_5_1,table_4_5,1,B68-088,PLANTAGINETEA MAJORIS,PLANTAGINETALIA MAJORIS,Lolio-Plantaginion,Lolium perenne-Plantago major,518605,NG,NG518605,151800,860500,57.566186,-6.152029,300,,,,100,4,17,49
table_4_5_2,table_4_5,2,B68-206,PLANTAGINETEA MAJORIS,PLANTAGINETALIA MAJORIS,Lolio-Plantaginion,Lolium perenne-Plantago major,377364,NG,NG377364,137700,836400,57.342378,-6.361221,300,,,,100,4,20,49
table_4_5_3,table_4_5,3,B68-256,PLANTAGINETEA MAJORIS,PLANTAGINETALIA MAJORIS,Lolio-Plantaginion,Lolium perenne-Plantago major,611203,NG,NG611203,161100,820300,57.210963,-5.957878,50,,,,100,4,14,49
table_4_5_4,table_4_5,4,B68-287,PLANTAGINETEA MAJORIS,PLANTAGINETALIA MAJORIS,Lolio-Plantaginion,Lolium perenne-Plantago major,554166,NG,NG554166,155400,816600,57.174803,-6.048371,50,,,,100,4,12,49
table_4_5_5,table_4_5,5,B68-346,PLANTAGINETEA MAJORIS,PLANTAGINETALIA MAJORIS,Lolio-Plantaginion,Lolium perenne-Plantago major,532323,NG,NG532323,153200,832300,57.314296,-6.100278,50,,,,100,4,11,49
table_4_5_6,table_4_5,6,B68-358,PLANTAGINETEA MAJORIS,PLANTAGINETALIA MAJORIS,Lolio-Plantaginion,Lolium perenne-Plantago major,696116,NG,NG696116,169600,811600,57.137337,-5.809435,75,,,,90,4,9,49
table_4_5_7,table_4_5,7,B68-362,PLANTAGINETEA MAJORIS,PLANTAGINETALIA MAJORIS,Lolio-Plantaginion,Lolium perenne-Plantago major,672099,NG,NG672099,167200,809900,57.120891,-5.847415,100,,,,100,4,16,49
table_4_5_8,table_4_5,8,B68-052,PLANTAGINETEA MAJORIS,PLANTAGINETALIA MAJORIS,Lolio-Plantaginion,Lolium perenne-Plantago major,478388,NG,NG478388,147800,838800,57.369577,-6.196334,120,,,,80,4,28,49
table_4_6_1,table_4_6,1,B68-347,AMMOPHILETEA,ELYMO-AMMOPHILETALIA ARENARIAE,Agropyrion boreoatlanticum,Fore-dune communities,412205,NG,NG412205,141200,820500,57.201952,-6.286625,,,,,90,4,,
table_4_6_2,table_4_6,2,B68-365,AMMOPHILETEA,ELYMO-AMMOPHILETALIA ARENARIAE,Agropyrion boreoatlanticum,Fore-dune communities,412205,NG,NG412205,141200,820500,57.201952,-6.286625,,,,,80,4,,
table_4_6_3,table_4_6,3,B68-349,AMMOPHILETEA,ELYMO-AMMOPHILETALIA ARENARIAE,Ammophilion borealis,Grey dune Turfs,412222,NG,NG412222,141200,822200,57.217181,-6.288394,,,,,60,4,,
table_4_6_4,table_4_6,4,B68-366,AMMOPHILETEA,ELYMO-AMMOPHILETALIA ARENARIAE,Ammophilion borealis,Grey dune Turfs,412220,NG,NG412220,141200,822000,57.215389,-6.288186,,,,,80,4,,
table_4_7_1,table_4_7,1,B68-133,ASTERETEA TRIPOLIUM,GLAUCETO-PUCCINELLIETALIA,Puccinellion maritimae,Puccinellietum maritimae (Puccinellia-Asplenium nodosum subass.),540273,NG,NG540273,154000,827300,57.269928,-6.082058,,,,,100,4,5,20
table_4_7_10,table_4_7,10,B68-057,ASTERETEA TRIPOLIUM,GLAUCETO-PUCCINELLIETALIA,Puccinellion maritimae,Puccinellietum maritimae (Puccinellia-Festuca rubra subass.),495305,NG,NG495305,149500,830500,57.296155,-6.159717,,,,,95,4,7,20
table_4_7_11,table_4_7,11,B68-092,ASTERETEA TRIPOLIUM,GLAUCETO-PUCCINELLIETALIA,Puccinellion maritimae,Puccinellietum maritimae (Puccinellia-Festuca rubra subass.),527627,NG,NG527627,152700,862700,57.586389,-6.139265,75,,,,75,4,10,20
table_4_7_12,table_4_7,12,B68-093,ASTERETEA TRIPOLIUM,GLAUCETO-PUCCINELLIETALIA,Puccinellion maritimae,Puccinellietum maritimae (Puccinellia-Festuca rubra subass.),527627,NG,NG527627,152700,862700,57.586389,-6.139265,60,,,,100,4,10,20
table_4_7_2,table_4_7,2,B68-134,ASTERETEA TRIPOLIUM,GLAUCETO-PUCCINELLIETALIA,Puccinellion maritimae,Puccinellietum maritimae (Puccinellia-Asplenium nodosum subass.),540273,NG,NG540273,154000,827300,57.269928,-6.082058,,,,,100,4,5,20
table_4_7_3,table_4_7,3,B68-289,ASTERETEA TRIPOLIUM,GLAUCETO-PUCCINELLIETALIA,Puccinellion maritimae,Puccinellietum maritimae (Puccinellia-Asplenium nodosum subass.),565222,NG,NG565222,156500,822200,57.225568,-6.035703,,,,,100,4,5,20
table_4_7_4,table_4_7,4,B68-277,ASTERETEA TRIPOLIUM,GLAUCETO-PUCCINELLIETALIA,Puccinellion maritimae,Puccinellietum maritimae (Puccinellia-Asplenium nodosum subass.),703158,NG,NG703158,170300,815800,57.175333,-5.801761,,,,,100,4,6,20
table_4_7_5,table_4_7,5,B68-357,ASTERETEA TRIPOLIUM,GLAUCETO-PUCCINELLIETALIA,Puccinellion maritimae,Puccinellietum maritimae (Puccinellia-Asplenium nodosum subass.),699116,NG,NG699116,169900,811600,57.137487,-5.804489,,,,,100,4,6,20
table_4_7_6,table_4_7,6,B68-205,ASTERETEA TRIPOLIUM,GLAUCETO-PUCCINELLIETALIA,Puccinellion maritimae,Puccinellietum maritimae (Puccinellia-Asplenium nodosum subass.),323385,NG,NG323385,132300,838500,57.358048,-6.452948,,,,,100,4,8,20
table_4_7_7,table_4_7,7,B68-058,ASTERETEA TRIPOLIUM,GLAUCETO-PUCCINELLIETALIA,Puccinellion maritimae,Puccinellietum maritimae (Puccinellia-Festuca rubra subass.),495305,NG,NG495305,149500,830500,57.296155,-6.159717,,,,,90,4,5,20
table_4_7_8,table_4_7,8,B68-142,ASTERETEA TRIPOLIUM,GLAUCETO-PUCCINELLIETALIA,Puccinellion maritimae,Puccinellietum maritimae (Puccinellia-Festuca rubra subass.),416519,NG,NG416519,141600,851900,57.483442,-6.312930,,,,,100,4,5,20
table_4_7_9,table_4_7,9,B68-141,ASTERETEA TRIPOLIUM,GLAUCETO-PUCCINELLIETALIA,Puccinellion maritimae,Puccinellietum maritimae (Puccinellia-Festuca rubra subass.),415520,NG,NG415520,141500,852000,57.484281,-6.314699,,,,,100,4,7,20
table_4_8_1,table_4_8,1,B68-129,ASTERETEA TRIPOLIUM,GLAUCETO-PUCCINELLIETALIA,Armerion maritimae,Juncus gerardii-Carex extensa,597269,NG,NG597269,159700,826900,57.269375,-5.987388,,,,,100,4,,43
table_4_8_10,table_4_8,10,B68-177,ASTERETEA TRIPOLIUM,GLAUCETO-PUCCINELLIETALIA,Armerion maritimae,Juncus gerardii-Carex extensa,273433,NG,NG273433,127300,843300,57.398065,-6.541113,,,,,100,4,,43
table_4_8_11,table_4_8,11,B68-178,ASTERETEA TRIPOLIUM,GLAUCETO-PUCCINELLIETALIA,Armerion maritimae,Juncus gerardii-Carex extensa,273433,NG,NG273433,127300,843300,57.398065,-6.541113,,,,,100,4,,43
table_4_8_12,table_4_8,12,B68-355,ASTERETEA TRIPOLIUM,GLAUCETO-PUCCINELLIETALIA,Armerion maritimae,Juncus gerardii-Carex extensa,698116,NG,NG698116,169800,811600,57.137437,-5.806138,,,,,100,4,,43
table_4_8_13,table_4_8,13,B68-116,ASTERETEA TRIPOLIUM,GLAUCETO-PUCCINELLIETALIA,Armerion maritimae,Juncus gerardii-Carex extensa,308427,NG,NG308427,130800,842700,57.394776,-6.482398,,,,,20,4,,43
table_4_8_14,table_4_8,14,B68-117,ASTERETEA TRIPOLIUM,GLAUCETO-PUCCINELLIETALIA,Armerion maritimae,Juncus gerardii-Carex extensa,308427,NG,NG308427,130800,842700,57.394776,-6.482398,,,,,75,4,,43
table_4_8_15,table_4_8,15,B68-126,ASTERETEA TRIPOLIUM,GLAUCETO-PUCCINELLIETALIA,Armerion maritimae,Juncus gerardii-Carex extensa,596268,NG,NG596268,159600,826800,57.268426,-5.988945,,,,,90,4,,43
table_4_8_16,table_4_8,16,B68-130,ASTERETEA TRIPOLIUM,GLAUCETO-PUCCINELLIETALIA,Armerion maritimae,Juncus gerardii-Carex extensa,597269,NG,NG597269,159700,826900,57.269375,-5.987388,,,,,60,4,,43
table_4_8_17,table_4_8,17,B68-144,ASTERETEA TRIPOLIUM,GLAUCETO-PUCCINELLIETALIA,Armerion maritimae,Juncus gerardii-Carex extensa,416519,NG,NG416519,141600,851900,57.483442,-6.312930,,,,,100,4,,43
table_4_8_18,table_4_8,18,B68-004,ASTERETEA TRIPOLIUM,GLAUCETO-PUCCINELLIETALIA,Armerion maritimae,Armeria maritima-Grimmia maritima,527627,NG,NG527627,152700,862700,57.586389,-6.139265,,,,,50,1,,43
table_4_8_19,table_4_8,19,B68-148,ASTERETEA TRIPOLIUM,GLAUCETO-PUCCINELLIETALIA,Armerion maritimae,Armeria maritima-Grimmia maritima,154507,NG,NG154507,115400,850700,57.457025,-6.747035,25,,,,50,2,,43
table_4_8_2,table_4_8,2,B68-119,ASTERETEA TRIPOLIUM,GLAUCETO-PUCCINELLIETALIA,Armerion maritimae,Juncus gerardii-Carex extensa,305437,NG,NG305437,130500,843700,57.403554,-6.488471,,,,,100,4,,43
table_4_8_20,table_4_8,20,B68-175,ASTERETEA TRIPOLIUM,GLAUCETO-PUCCINELLIETALIA,Armerion maritimae,Armeria maritima-Grimmia maritima,297420,NG,NG297420,129700,842000,57.387856,-6.499873,30,,,,30,3,,43
table_4_8_21,table_4_8,21,B68-145,ASTERETEA TRIPOLIUM,GLAUCETO-PUCCINELLIETALIA,Armerion maritimae,Armeria maritima-Grimmia maritima,131475,NG,NG131475,113100,847500,57.426933,-6.781486,250,,,,100,4,,43
table_4_8_22,table_4_8,22,B68-176,ASTERETEA TRIPOLIUM,GLAUCETO-PUCCINELLIETALIA,Armerion maritimae,Armeria maritima-Grimmia maritima,297420,NG,NG297420,129700,842000,57.387856,-6.499873,25,,,,25,4,,43
table_4_8_23,table_4_8,23,B68-109,ASTERETEA TRIPOLIUM,GLAUCETO-PUCCINELLIETALIA,Armerion maritimae,Armeria maritima-Grimmia maritima,222613,NG,NG222613,122200,861300,57.556138,-6.646152,10,,,,100,4,,43
table_4_8_24,table_4_8,24,B68-203,ASTERETEA TRIPOLIUM,GLAUCETO-PUCCINELLIETALIA,Armerion maritimae,Armeria maritima-Grimmia maritima,323385,NG,NG323385,132300,838500,57.358048,-6.452948,25,,,,50,4,,43
table_4_8_25,table_4_8,25,B68-204,ASTERETEA TRIPOLIUM,GLAUCETO-PUCCINELLIETALIA,Armerion maritimae,Armeria maritima-Grimmia maritima,323385,NG,NG323385,132300,838500,57.358048,-6.452948,20,,,,90,4,,43
table_4_8_26,table_4_8,26,B68-212,ASTERETEA TRIPOLIUM,GLAUCETO-PUCCINELLIETALIA,Armerion maritimae,Armeria maritima-Grimmia maritima,583180,NG,NG583180,158300,818000,57.188885,-6.001884,30,,,,100,4,,43
table_4_8_3,table_4_8,3,B68-131,ASTERETEA TRIPOLIUM,GLAUCETO-PUCCINELLIETALIA,Armerion maritimae,Juncus gerardii-Carex extensa,597269,NG,NG597269,159700,826900,57.269375,-5.987388,,,,,100,4,,43
table_4_8_4,table_4_8,4,B68-127,ASTERETEA TRIPOLIUM,GLAUCETO-PUCCINELLIETALIA,Armerion maritimae,Juncus gerardii-Carex extensa,596268,NG,NG596268,159600,826800,57.268426,-5.988945,,,,,100,4,,43
table_4_8_5,table_4_8,5,B68-132,ASTERETEA TRIPOLIUM,GLAUCETO-PUCCINELLIETALIA,Armerion maritimae,Juncus gerardii-Carex extensa,540273,NG,NG540273,154000,827300,57.269928,-6.082058,,,,,100,4,,43
table_4_8_6,table_4_8,6,B68-278,ASTERETEA TRIPOLIUM,GLAUCETO-PUCCINELLIETALIA,Armerion maritimae,Juncus gerardii-Carex extensa,703158,NG,NG703158,170300,815800,57.175333,-5.801761,,,,,100,4,,43
table_4_8_7,table_4_8,7,B68-290,ASTERETEA TRIPOLIUM,GLAUCETO-PUCCINELLIETALIA,Armerion maritimae,Juncus gerardii-Carex extensa,565222,NG,NG565222,156500,822200,57.225568,-6.035703,,,,,100,4,,43
table_4_8_8,table_4_8,8,B68-135,ASTERETEA TRIPOLIUM,GLAUCETO-PUCCINELLIETALIA,Armerion maritimae,Juncus gerardii-Carex extensa,485418,NG,NG485418,148500,841800,57.396840,-6.187795,,,,,100,4,,43
table_4_8_9,table_4_8,9,B68-143,ASTERETEA TRIPOLIUM,GLAUCETO-PUCCINELLIETALIA,Armerion maritimae,Juncus gerardii-Carex extensa,416519,NG,NG416519,141600,851900,57.483442,-6.312930,,,,,100,4,,43
table_4_9_1,table_4_9,1,B68-118,CAKILETEA MARITIMAE,CAKILETALIA MARITIMAE,Atriplicion littoralis,Atriplex glabriuscula-Rumex crispus,395437,NG,NG395437,139500,843700,57.408796,-6.339131,20,,,,50,16,11,48
table_4_9_2,table_4_9,2,B68-153,CAKILETEA MARITIMAE,CAKILETALIA MARITIMAE,Atriplicion littoralis,Atriplex glabriuscula-Rumex crispus,260566,NG,NG260566,126000,856600,57.516373,-6.577565,20,,,,70,4,18,48
table_4_9_3,table_4_9,3,B68-140,CAKILETEA MARITIMAE,CAKILETALIA MARITIMAE,Atriplicion littoralis,Atriplex glabriuscula-Rumex crispus,415520,NG,NG415520,141500,852000,57.484281,-6.314699,15,,,,50,16,12,48
table_4_9_4,table_4_9,4,B68-198,CAKILETEA MARITIMAE,CAKILETALIA MARITIMAE,Atriplicion littoralis,Atriplex glabriuscula-Rumex crispus,222612,NG,NG222612,122200,861200,57.555242,-6.646038,10,,,,100,4,13,48
table_4_9_5,table_4_9,5,B68-201,CAKILETEA MARITIMAE,CAKILETALIA MARITIMAE,Atriplicion littoralis,Atriplex glabriuscula-Rumex crispus,323385,NG,NG323385,132300,838500,57.358048,-6.452948,25,,,,100,4,19,48
table_4_9_6,table_4_9,6,B68-038,CAKILETEA MARITIMAE,CAKILETALIA MARITIMAE,Atriplicion littoralis,Atriplex glabriuscula-Rumex crispus,376663,NG,NG376663,137600,866300,57.610114,-6.394977,5,,,,80,4,13,48
table_4_9_7,table_4_9,7,B68-128,CAKILETEA MARITIMAE,CAKILETALIA MARITIMAE,Atriplicion littoralis,Atriplex glabriuscula-Rumex crispus,596268,NG,NG596268,159600,826800,57.268426,-5.988945,10,,,,40,4,9,48
table_4_9_8,table_4_9,8,B68-036,CAKILETEA MARITIMAE,CAKILETALIA MARITIMAE,Atriplicion littoralis,Atriplex glabriuscula-Rumex crispus,375661,NG,NG375661,137500,866100,57.608265,-6.396429,60,,,,60,4,15,48
table_4_9_9,table_4_9,9,B68-037,CAKILETEA MARITIMAE,CAKILETALIA MARITIMAE,Atriplicion littoralis,Atriplex glabriuscula-Rumex crispus,376663,NG,NG376663,137600,866300,57.610114,-6.394977,25,,,,75,4,13,48
